ruta,nombre,version,licencia,desarrollo,opcional,obsoleta
"","watsolution","0.0.0","UNLICENSED","false","false",""
"client","watsolution-client","0.0.0","UNLICENSED","false","false",""
"client/node_modules/eslint","eslint","9.23.0","MIT","true","false",""
"client/node_modules/typescript","typescript","5.8.2","Apache-2.0","true","false",""
"client/node_modules/typescript-eslint","typescript-eslint","8.28.0","MIT","true","false",""
"node_modules/@ampproject/remapping","@ampproject/remapping","2.3.0","Apache-2.0","true","false",""
"node_modules/@aws-crypto/crc32","@aws-crypto/crc32","5.2.0","Apache-2.0","false","false",""
"node_modules/@aws-crypto/crc32c","@aws-crypto/crc32c","5.2.0","Apache-2.0","false","false",""
"node_modules/@aws-crypto/sha1-browser","@aws-crypto/sha1-browser","5.2.0","Apache-2.0","false","false",""
"node_modules/@aws-crypto/sha1-browser/node_modules/@smithy/is-array-buffer","@smithy/is-array-buffer","2.2.0","Apache-2.0","false","false",""
"node_modules/@aws-crypto/sha1-browser/node_modules/@smithy/util-buffer-from","@smithy/util-buffer-from","2.2.0","Apache-2.0","false","false",""
"node_modules/@aws-crypto/sha1-browser/node_modules/@smithy/util-utf8","@smithy/util-utf8","2.3.0","Apache-2.0","false","false",""
"node_modules/@aws-crypto/sha256-browser","@aws-crypto/sha256-browser","5.2.0","Apache-2.0","false","false",""
"node_modules/@aws-crypto/sha256-browser/node_modules/@smithy/is-array-buffer","@smithy/is-array-buffer","2.2.0","Apache-2.0","false","false",""
"node_modules/@aws-crypto/sha256-browser/node_modules/@smithy/util-buffer-from","@smithy/util-buffer-from","2.2.0","Apache-2.0","false","false",""
"node_modules/@aws-crypto/sha256-browser/node_modules/@smithy/util-utf8","@smithy/util-utf8","2.3.0","Apache-2.0","false","false",""
"node_modules/@aws-crypto/sha256-js","@aws-crypto/sha256-js","5.2.0","Apache-2.0","false","false",""
"node_modules/@aws-crypto/supports-web-crypto","@aws-crypto/supports-web-crypto","5.2.0","Apache-2.0","false","false",""
"node_modules/@aws-crypto/util","@aws-crypto/util","5.2.0","Apache-2.0","false","false",""
"node_modules/@aws-crypto/util/node_modules/@smithy/is-array-buffer","@smithy/is-array-buffer","2.2.0","Apache-2.0","false","false",""
"node_modules/@aws-crypto/util/node_modules/@smithy/util-buffer-from","@smithy/util-buffer-from","2.2.0","Apache-2.0","false","false",""
"node_modules/@aws-crypto/util/node_modules/@smithy/util-utf8","@smithy/util-utf8","2.3.0","Apache-2.0","false","false",""
"node_modules/@aws-sdk/client-s3","@aws-sdk/client-s3","3.1045.0","Apache-2.0","false","false",""
"node_modules/@aws-sdk/core","@aws-sdk/core","3.974.8","Apache-2.0","false","false",""
"node_modules/@aws-sdk/crc64-nvme","@aws-sdk/crc64-nvme","3.972.7","Apache-2.0","false","false",""
"node_modules/@aws-sdk/credential-provider-env","@aws-sdk/credential-provider-env","3.972.34","Apache-2.0","false","false",""
"node_modules/@aws-sdk/credential-provider-http","@aws-sdk/credential-provider-http","3.972.36","Apache-2.0","false","false",""
"node_modules/@aws-sdk/credential-provider-ini","@aws-sdk/credential-provider-ini","3.972.38","Apache-2.0","false","false",""
"node_modules/@aws-sdk/credential-provider-login","@aws-sdk/credential-provider-login","3.972.38","Apache-2.0","false","false",""
"node_modules/@aws-sdk/credential-provider-node","@aws-sdk/credential-provider-node","3.972.39","Apache-2.0","false","false",""
"node_modules/@aws-sdk/credential-provider-process","@aws-sdk/credential-provider-process","3.972.34","Apache-2.0","false","false",""
"node_modules/@aws-sdk/credential-provider-sso","@aws-sdk/credential-provider-sso","3.972.38","Apache-2.0","false","false",""
"node_modules/@aws-sdk/credential-provider-web-identity","@aws-sdk/credential-provider-web-identity","3.972.38","Apache-2.0","false","false",""
"node_modules/@aws-sdk/middleware-bucket-endpoint","@aws-sdk/middleware-bucket-endpoint","3.972.10","Apache-2.0","false","false",""
"node_modules/@aws-sdk/middleware-expect-continue","@aws-sdk/middleware-expect-continue","3.972.10","Apache-2.0","false","false",""
"node_modules/@aws-sdk/middleware-flexible-checksums","@aws-sdk/middleware-flexible-checksums","3.974.16","Apache-2.0","false","false",""
"node_modules/@aws-sdk/middleware-host-header","@aws-sdk/middleware-host-header","3.972.10","Apache-2.0","false","false",""
"node_modules/@aws-sdk/middleware-location-constraint","@aws-sdk/middleware-location-constraint","3.972.10","Apache-2.0","false","false",""
"node_modules/@aws-sdk/middleware-logger","@aws-sdk/middleware-logger","3.972.10","Apache-2.0","false","false",""
"node_modules/@aws-sdk/middleware-recursion-detection","@aws-sdk/middleware-recursion-detection","3.972.11","Apache-2.0","false","false",""
"node_modules/@aws-sdk/middleware-sdk-s3","@aws-sdk/middleware-sdk-s3","3.972.37","Apache-2.0","false","false",""
"node_modules/@aws-sdk/middleware-ssec","@aws-sdk/middleware-ssec","3.972.10","Apache-2.0","false","false",""
"node_modules/@aws-sdk/middleware-user-agent","@aws-sdk/middleware-user-agent","3.972.38","Apache-2.0","false","false",""
"node_modules/@aws-sdk/nested-clients","@aws-sdk/nested-clients","3.997.6","Apache-2.0","false","false",""
"node_modules/@aws-sdk/region-config-resolver","@aws-sdk/region-config-resolver","3.972.13","Apache-2.0","false","false",""
"node_modules/@aws-sdk/s3-request-presigner","@aws-sdk/s3-request-presigner","3.1045.0","Apache-2.0","false","false",""
"node_modules/@aws-sdk/signature-v4-multi-region","@aws-sdk/signature-v4-multi-region","3.996.25","Apache-2.0","false","false",""
"node_modules/@aws-sdk/token-providers","@aws-sdk/token-providers","3.1041.0","Apache-2.0","false","false",""
"node_modules/@aws-sdk/types","@aws-sdk/types","3.973.8","Apache-2.0","false","false",""
"node_modules/@aws-sdk/util-arn-parser","@aws-sdk/util-arn-parser","3.972.3","Apache-2.0","false","false",""
"node_modules/@aws-sdk/util-endpoints","@aws-sdk/util-endpoints","3.996.8","Apache-2.0","false","false",""
"node_modules/@aws-sdk/util-format-url","@aws-sdk/util-format-url","3.972.10","Apache-2.0","false","false",""
"node_modules/@aws-sdk/util-locate-window","@aws-sdk/util-locate-window","3.965.5","Apache-2.0","false","false",""
"node_modules/@aws-sdk/util-user-agent-browser","@aws-sdk/util-user-agent-browser","3.972.10","Apache-2.0","false","false",""
"node_modules/@aws-sdk/util-user-agent-node","@aws-sdk/util-user-agent-node","3.973.24","Apache-2.0","false","false",""
"node_modules/@aws-sdk/xml-builder","@aws-sdk/xml-builder","3.972.22","Apache-2.0","false","false",""
"node_modules/@aws-sdk/xml-builder/node_modules/fast-xml-parser","fast-xml-parser","5.7.2","MIT","false","false",""
"node_modules/@aws/lambda-invoke-store","@aws/lambda-invoke-store","0.2.4","Apache-2.0","false","false",""
"node_modules/@babel/code-frame","@babel/code-frame","7.29.0","MIT","true","false",""
"node_modules/@babel/compat-data","@babel/compat-data","7.29.3","MIT","true","false",""
"node_modules/@babel/core","@babel/core","7.29.0","MIT","true","false",""
"node_modules/@babel/core/node_modules/semver","semver","6.3.1","ISC","true","false",""
"node_modules/@babel/generator","@babel/generator","7.29.1","MIT","true","false",""
"node_modules/@babel/helper-compilation-targets","@babel/helper-compilation-targets","7.28.6","MIT","true","false",""
"node_modules/@babel/helper-compilation-targets/node_modules/semver","semver","6.3.1","ISC","true","false",""
"node_modules/@babel/helper-globals","@babel/helper-globals","7.28.0","MIT","true","false",""
"node_modules/@babel/helper-module-imports","@babel/helper-module-imports","7.28.6","MIT","true","false",""
"node_modules/@babel/helper-module-transforms","@babel/helper-module-transforms","7.28.6","MIT","true","false",""
"node_modules/@babel/helper-plugin-utils","@babel/helper-plugin-utils","7.28.6","MIT","true","false",""
"node_modules/@babel/helper-string-parser","@babel/helper-string-parser","7.27.1","MIT","false","false",""
"node_modules/@babel/helper-validator-identifier","@babel/helper-validator-identifier","7.28.5","MIT","false","false",""
"node_modules/@babel/helper-validator-option","@babel/helper-validator-option","7.27.1","MIT","true","false",""
"node_modules/@babel/helpers","@babel/helpers","7.29.2","MIT","true","false",""
"node_modules/@babel/parser","@babel/parser","7.29.3","MIT","false","false",""
"node_modules/@babel/plugin-syntax-async-generators","@babel/plugin-syntax-async-generators","7.8.4","MIT","true","false",""
"node_modules/@babel/plugin-syntax-bigint","@babel/plugin-syntax-bigint","7.8.3","MIT","true","false",""
"node_modules/@babel/plugin-syntax-class-properties","@babel/plugin-syntax-class-properties","7.12.13","MIT","true","false",""
"node_modules/@babel/plugin-syntax-class-static-block","@babel/plugin-syntax-class-static-block","7.14.5","MIT","true","false",""
"node_modules/@babel/plugin-syntax-import-attributes","@babel/plugin-syntax-import-attributes","7.28.6","MIT","true","false",""
"node_modules/@babel/plugin-syntax-import-meta","@babel/plugin-syntax-import-meta","7.10.4","MIT","true","false",""
"node_modules/@babel/plugin-syntax-json-strings","@babel/plugin-syntax-json-strings","7.8.3","MIT","true","false",""
"node_modules/@babel/plugin-syntax-jsx","@babel/plugin-syntax-jsx","7.28.6","MIT","true","false",""
"node_modules/@babel/plugin-syntax-logical-assignment-operators","@babel/plugin-syntax-logical-assignment-operators","7.10.4","MIT","true","false",""
"node_modules/@babel/plugin-syntax-nullish-coalescing-operator","@babel/plugin-syntax-nullish-coalescing-operator","7.8.3","MIT","true","false",""
"node_modules/@babel/plugin-syntax-numeric-separator","@babel/plugin-syntax-numeric-separator","7.10.4","MIT","true","false",""
"node_modules/@babel/plugin-syntax-object-rest-spread","@babel/plugin-syntax-object-rest-spread","7.8.3","MIT","true","false",""
"node_modules/@babel/plugin-syntax-optional-catch-binding","@babel/plugin-syntax-optional-catch-binding","7.8.3","MIT","true","false",""
"node_modules/@babel/plugin-syntax-optional-chaining","@babel/plugin-syntax-optional-chaining","7.8.3","MIT","true","false",""
"node_modules/@babel/plugin-syntax-private-property-in-object","@babel/plugin-syntax-private-property-in-object","7.14.5","MIT","true","false",""
"node_modules/@babel/plugin-syntax-top-level-await","@babel/plugin-syntax-top-level-await","7.14.5","MIT","true","false",""
"node_modules/@babel/plugin-syntax-typescript","@babel/plugin-syntax-typescript","7.28.6","MIT","true","false",""
"node_modules/@babel/runtime","@babel/runtime","7.29.2","MIT","false","false",""
"node_modules/@babel/template","@babel/template","7.28.6","MIT","true","false",""
"node_modules/@babel/traverse","@babel/traverse","7.29.0","MIT","true","false",""
"node_modules/@babel/types","@babel/types","7.29.0","MIT","false","false",""
"node_modules/@bcoe/v8-coverage","@bcoe/v8-coverage","1.0.2","MIT","true","false",""
"node_modules/@borewit/text-codec","@borewit/text-codec","0.2.2","MIT","false","false",""
"node_modules/@chevrotain/cst-dts-gen","@chevrotain/cst-dts-gen","11.0.3","Apache-2.0","true","false",""
"node_modules/@chevrotain/gast","@chevrotain/gast","11.0.3","Apache-2.0","true","false",""
"node_modules/@chevrotain/regexp-to-ast","@chevrotain/regexp-to-ast","11.0.3","Apache-2.0","true","false",""
"node_modules/@chevrotain/types","@chevrotain/types","11.0.3","Apache-2.0","true","false",""
"node_modules/@chevrotain/utils","@chevrotain/utils","11.0.3","Apache-2.0","true","false",""
"node_modules/@cspotcode/source-map-support","@cspotcode/source-map-support","0.8.1","MIT","false","false",""
"node_modules/@cspotcode/source-map-support/node_modules/@jridgewell/trace-mapping","@jridgewell/trace-mapping","0.3.9","MIT","false","false",""
"node_modules/@emnapi/core","@emnapi/core","1.10.0","MIT","true","true",""
"node_modules/@emnapi/runtime","@emnapi/runtime","1.10.0","MIT","true","true",""
"node_modules/@emnapi/wasi-threads","@emnapi/wasi-threads","1.2.1","MIT","true","true",""
"node_modules/@esbuild/aix-ppc64","@esbuild/aix-ppc64","0.25.12","MIT","true","true",""
"node_modules/@esbuild/android-arm","@esbuild/android-arm","0.25.12","MIT","true","true",""
"node_modules/@esbuild/android-arm64","@esbuild/android-arm64","0.25.12","MIT","true","true",""
"node_modules/@esbuild/android-x64","@esbuild/android-x64","0.25.12","MIT","true","true",""
"node_modules/@esbuild/darwin-arm64","@esbuild/darwin-arm64","0.25.12","MIT","true","true",""
"node_modules/@esbuild/darwin-x64","@esbuild/darwin-x64","0.25.12","MIT","true","true",""
"node_modules/@esbuild/freebsd-arm64","@esbuild/freebsd-arm64","0.25.12","MIT","true","true",""
"node_modules/@esbuild/freebsd-x64","@esbuild/freebsd-x64","0.25.12","MIT","true","true",""
"node_modules/@esbuild/linux-arm","@esbuild/linux-arm","0.25.12","MIT","true","true",""
"node_modules/@esbuild/linux-arm64","@esbuild/linux-arm64","0.25.12","MIT","true","true",""
"node_modules/@esbuild/linux-ia32","@esbuild/linux-ia32","0.25.12","MIT","true","true",""
"node_modules/@esbuild/linux-loong64","@esbuild/linux-loong64","0.25.12","MIT","true","true",""
"node_modules/@esbuild/linux-mips64el","@esbuild/linux-mips64el","0.25.12","MIT","true","true",""
"node_modules/@esbuild/linux-ppc64","@esbuild/linux-ppc64","0.25.12","MIT","true","true",""
"node_modules/@esbuild/linux-riscv64","@esbuild/linux-riscv64","0.25.12","MIT","true","true",""
"node_modules/@esbuild/linux-s390x","@esbuild/linux-s390x","0.25.12","MIT","true","true",""
"node_modules/@esbuild/linux-x64","@esbuild/linux-x64","0.25.12","MIT","true","true",""
"node_modules/@esbuild/netbsd-arm64","@esbuild/netbsd-arm64","0.25.12","MIT","true","true",""
"node_modules/@esbuild/netbsd-x64","@esbuild/netbsd-x64","0.25.12","MIT","true","true",""
"node_modules/@esbuild/openbsd-arm64","@esbuild/openbsd-arm64","0.25.12","MIT","true","true",""
"node_modules/@esbuild/openbsd-x64","@esbuild/openbsd-x64","0.25.12","MIT","true","true",""
"node_modules/@esbuild/openharmony-arm64","@esbuild/openharmony-arm64","0.25.12","MIT","true","true",""
"node_modules/@esbuild/sunos-x64","@esbuild/sunos-x64","0.25.12","MIT","true","true",""
"node_modules/@esbuild/win32-arm64","@esbuild/win32-arm64","0.25.12","MIT","true","true",""
"node_modules/@esbuild/win32-ia32","@esbuild/win32-ia32","0.25.12","MIT","true","true",""
"node_modules/@esbuild/win32-x64","@esbuild/win32-x64","0.25.12","MIT","true","true",""
"node_modules/@eslint-community/eslint-utils","@eslint-community/eslint-utils","4.9.1","MIT","true","false",""
"node_modules/@eslint-community/eslint-utils/node_modules/eslint-visitor-keys","eslint-visitor-keys","3.4.3","Apache-2.0","true","false",""
"node_modules/@eslint-community/regexpp","@eslint-community/regexpp","4.12.2","MIT","true","false",""
"node_modules/@eslint/config-array","@eslint/config-array","0.19.2","Apache-2.0","true","false",""
"node_modules/@eslint/config-helpers","@eslint/config-helpers","0.2.3","Apache-2.0","true","false",""
"node_modules/@eslint/core","@eslint/core","0.12.0","Apache-2.0","true","false",""
"node_modules/@eslint/eslintrc","@eslint/eslintrc","3.3.5","MIT","true","false",""
"node_modules/@eslint/eslintrc/node_modules/globals","globals","14.0.0","MIT","true","false",""
"node_modules/@eslint/js","@eslint/js","9.23.0","MIT","true","false",""
"node_modules/@eslint/object-schema","@eslint/object-schema","2.1.7","Apache-2.0","true","false",""
"node_modules/@eslint/plugin-kit","@eslint/plugin-kit","0.2.8","Apache-2.0","true","false",""
"node_modules/@eslint/plugin-kit/node_modules/@eslint/core","@eslint/core","0.13.0","Apache-2.0","true","false",""
"node_modules/@faker-js/faker","@faker-js/faker","9.6.0","MIT","true","false",""
"node_modules/@fortawesome/fontawesome-common-types","@fortawesome/fontawesome-common-types","6.7.2","MIT","false","false",""
"node_modules/@fortawesome/fontawesome-svg-core","@fortawesome/fontawesome-svg-core","6.7.2","MIT","false","false",""
"node_modules/@fortawesome/free-solid-svg-icons","@fortawesome/free-solid-svg-icons","6.7.2","(CC-BY-4.0 AND MIT)","false","false",""
"node_modules/@fortawesome/vue-fontawesome","@fortawesome/vue-fontawesome","3.0.8","MIT","false","false",""
"node_modules/@hapi/hoek","@hapi/hoek","9.3.0","BSD-3-Clause","true","false",""
"node_modules/@hapi/topo","@hapi/topo","5.1.0","BSD-3-Clause","true","false",""
"node_modules/@humanfs/core","@humanfs/core","0.19.2","Apache-2.0","true","false",""
"node_modules/@humanfs/node","@humanfs/node","0.16.8","Apache-2.0","true","false",""
"node_modules/@humanfs/types","@humanfs/types","0.15.0","Apache-2.0","true","false",""
"node_modules/@humanwhocodes/module-importer","@humanwhocodes/module-importer","1.0.1","Apache-2.0","true","false",""
"node_modules/@humanwhocodes/retry","@humanwhocodes/retry","0.4.3","Apache-2.0","true","false",""
"node_modules/@iarna/toml","@iarna/toml","3.0.0","ISC","true","false",""
"node_modules/@inquirer/ansi","@inquirer/ansi","1.0.2","MIT","true","false",""
"node_modules/@inquirer/checkbox","@inquirer/checkbox","4.3.2","MIT","true","false",""
"node_modules/@inquirer/confirm","@inquirer/confirm","5.1.21","MIT","true","false",""
"node_modules/@inquirer/core","@inquirer/core","10.3.2","MIT","true","false",""
"node_modules/@inquirer/editor","@inquirer/editor","4.2.23","MIT","true","false",""
"node_modules/@inquirer/expand","@inquirer/expand","4.0.23","MIT","true","false",""
"node_modules/@inquirer/external-editor","@inquirer/external-editor","1.0.3","MIT","true","false",""
"node_modules/@inquirer/figures","@inquirer/figures","1.0.15","MIT","true","false",""
"node_modules/@inquirer/input","@inquirer/input","4.3.1","MIT","true","false",""
"node_modules/@inquirer/number","@inquirer/number","3.0.23","MIT","true","false",""
"node_modules/@inquirer/password","@inquirer/password","4.0.23","MIT","true","false",""
"node_modules/@inquirer/prompts","@inquirer/prompts","7.10.1","MIT","true","false",""
"node_modules/@inquirer/rawlist","@inquirer/rawlist","4.1.11","MIT","true","false",""
"node_modules/@inquirer/search","@inquirer/search","3.2.2","MIT","true","false",""
"node_modules/@inquirer/select","@inquirer/select","4.4.2","MIT","true","false",""
"node_modules/@inquirer/type","@inquirer/type","3.0.10","MIT","true","false",""
"node_modules/@intlify/core-base","@intlify/core-base","11.4.13","MIT","false","false",""
"node_modules/@intlify/devtools-types","@intlify/devtools-types","11.4.13","MIT","false","false",""
"node_modules/@intlify/message-compiler","@intlify/message-compiler","11.4.13","MIT","false","false",""
"node_modules/@intlify/shared","@intlify/shared","11.4.13","MIT","false","false",""
"node_modules/@isaacs/cliui","@isaacs/cliui","9.0.0","BlueOak-1.0.0","true","false",""
"node_modules/@isaacs/fs-minipass","@isaacs/fs-minipass","4.0.1","ISC","false","false",""
"node_modules/@isaacs/string-locale-compare","@isaacs/string-locale-compare","1.1.0","ISC","true","false",""
"node_modules/@istanbuljs/load-nyc-config","@istanbuljs/load-nyc-config","1.1.0","ISC","true","false",""
"node_modules/@istanbuljs/load-nyc-config/node_modules/argparse","argparse","1.0.10","MIT","true","false",""
"node_modules/@istanbuljs/load-nyc-config/node_modules/find-up","find-up","4.1.0","MIT","true","false",""
"node_modules/@istanbuljs/load-nyc-config/node_modules/js-yaml","js-yaml","3.15.2","MIT","true","false",""
"node_modules/@istanbuljs/load-nyc-config/node_modules/locate-path","locate-path","5.0.0","MIT","true","false",""
"node_modules/@istanbuljs/load-nyc-config/node_modules/p-limit","p-limit","2.3.0","MIT","true","false",""
"node_modules/@istanbuljs/load-nyc-config/node_modules/p-locate","p-locate","4.1.0","MIT","true","false",""
"node_modules/@istanbuljs/load-nyc-config/node_modules/resolve-from","resolve-from","5.0.0","MIT","true","false",""
"node_modules/@istanbuljs/schema","@istanbuljs/schema","0.1.6","MIT","true","false",""
"node_modules/@jest/console","@jest/console","29.7.0","MIT","true","false",""
"node_modules/@jest/console/node_modules/slash","slash","3.0.0","MIT","true","false",""
"node_modules/@jest/core","@jest/core","29.7.0","MIT","true","false",""
"node_modules/@jest/core/node_modules/slash","slash","3.0.0","MIT","true","false",""
"node_modules/@jest/environment","@jest/environment","29.7.0","MIT","true","false",""
"node_modules/@jest/expect","@jest/expect","29.7.0","MIT","true","false",""
"node_modules/@jest/expect-utils","@jest/expect-utils","29.7.0","MIT","true","false",""
"node_modules/@jest/fake-timers","@jest/fake-timers","29.7.0","MIT","true","false",""
"node_modules/@jest/globals","@jest/globals","29.7.0","MIT","true","false",""
"node_modules/@jest/reporters","@jest/reporters","29.7.0","MIT","true","false",""
"node_modules/@jest/reporters/node_modules/@bcoe/v8-coverage","@bcoe/v8-coverage","0.2.3","MIT","true","false",""
"node_modules/@jest/reporters/node_modules/glob","glob","7.2.3","ISC","true","false","Old versions of glob are not supported, and contain widely publicized security vulnerabilities, which have been fixed in the current version. Please update. Support for old versions may be purchased (at exorbitant rates) by contacting i@izs.me"
"node_modules/@jest/reporters/node_modules/istanbul-lib-source-maps","istanbul-lib-source-maps","4.0.1","BSD-3-Clause","true","false",""
"node_modules/@jest/reporters/node_modules/slash","slash","3.0.0","MIT","true","false",""
"node_modules/@jest/schemas","@jest/schemas","29.6.3","MIT","true","false",""
"node_modules/@jest/source-map","@jest/source-map","29.6.3","MIT","true","false",""
"node_modules/@jest/test-result","@jest/test-result","29.7.0","MIT","true","false",""
"node_modules/@jest/test-sequencer","@jest/test-sequencer","29.7.0","MIT","true","false",""
"node_modules/@jest/test-sequencer/node_modules/slash","slash","3.0.0","MIT","true","false",""
"node_modules/@jest/transform","@jest/transform","29.7.0","MIT","true","false",""
"node_modules/@jest/transform/node_modules/slash","slash","3.0.0","MIT","true","false",""
"node_modules/@jest/types","@jest/types","29.6.3","MIT","true","false",""
"node_modules/@jridgewell/gen-mapping","@jridgewell/gen-mapping","0.3.13","MIT","true","false",""
"node_modules/@jridgewell/remapping","@jridgewell/remapping","2.3.5","MIT","true","false",""
"node_modules/@jridgewell/resolve-uri","@jridgewell/resolve-uri","3.1.2","MIT","false","false",""
"node_modules/@jridgewell/sourcemap-codec","@jridgewell/sourcemap-codec","1.5.5","MIT","false","false",""
"node_modules/@jridgewell/trace-mapping","@jridgewell/trace-mapping","0.3.31","MIT","true","false",""
"node_modules/@kurkle/color","@kurkle/color","0.3.4","MIT","false","false",""
"node_modules/@kwsites/file-exists","@kwsites/file-exists","1.1.1","MIT","true","false",""
"node_modules/@kwsites/promise-deferred","@kwsites/promise-deferred","1.1.1","MIT","true","false",""
"node_modules/@lukeed/csprng","@lukeed/csprng","1.1.0","MIT","false","false",""
"node_modules/@microsoft/tsdoc","@microsoft/tsdoc","0.16.0","MIT","false","false",""
"node_modules/@napi-rs/nice","@napi-rs/nice","1.1.1","MIT","true","true",""
"node_modules/@napi-rs/nice-android-arm-eabi","@napi-rs/nice-android-arm-eabi","1.1.1","MIT","true","true",""
"node_modules/@napi-rs/nice-android-arm64","@napi-rs/nice-android-arm64","1.1.1","MIT","true","true",""
"node_modules/@napi-rs/nice-darwin-arm64","@napi-rs/nice-darwin-arm64","1.1.1","MIT","true","true",""
"node_modules/@napi-rs/nice-darwin-x64","@napi-rs/nice-darwin-x64","1.1.1","MIT","true","true",""
"node_modules/@napi-rs/nice-freebsd-x64","@napi-rs/nice-freebsd-x64","1.1.1","MIT","true","true",""
"node_modules/@napi-rs/nice-linux-arm-gnueabihf","@napi-rs/nice-linux-arm-gnueabihf","1.1.1","MIT","true","true",""
"node_modules/@napi-rs/nice-linux-arm64-gnu","@napi-rs/nice-linux-arm64-gnu","1.1.1","MIT","true","true",""
"node_modules/@napi-rs/nice-linux-arm64-musl","@napi-rs/nice-linux-arm64-musl","1.1.1","MIT","true","true",""
"node_modules/@napi-rs/nice-linux-ppc64-gnu","@napi-rs/nice-linux-ppc64-gnu","1.1.1","MIT","true","true",""
"node_modules/@napi-rs/nice-linux-riscv64-gnu","@napi-rs/nice-linux-riscv64-gnu","1.1.1","MIT","true","true",""
"node_modules/@napi-rs/nice-linux-s390x-gnu","@napi-rs/nice-linux-s390x-gnu","1.1.1","MIT","true","true",""
"node_modules/@napi-rs/nice-linux-x64-gnu","@napi-rs/nice-linux-x64-gnu","1.1.1","MIT","true","true",""
"node_modules/@napi-rs/nice-linux-x64-musl","@napi-rs/nice-linux-x64-musl","1.1.1","MIT","true","true",""
"node_modules/@napi-rs/nice-openharmony-arm64","@napi-rs/nice-openharmony-arm64","1.1.1","MIT","true","true",""
"node_modules/@napi-rs/nice-win32-arm64-msvc","@napi-rs/nice-win32-arm64-msvc","1.1.1","MIT","true","true",""
"node_modules/@napi-rs/nice-win32-ia32-msvc","@napi-rs/nice-win32-ia32-msvc","1.1.1","MIT","true","true",""
"node_modules/@napi-rs/nice-win32-x64-msvc","@napi-rs/nice-win32-x64-msvc","1.1.1","MIT","true","true",""
"node_modules/@napi-rs/wasm-runtime","@napi-rs/wasm-runtime","0.2.12","MIT","true","true",""
"node_modules/@nestjs/common","@nestjs/common","11.2.7","MIT","false","false",""
"node_modules/@nestjs/core","@nestjs/core","11.2.7","MIT","false","false",""
"node_modules/@nestjs/jwt","@nestjs/jwt","11.0.0","MIT","false","false",""
"node_modules/@nestjs/mapped-types","@nestjs/mapped-types","2.1.1","MIT","false","false",""
"node_modules/@nestjs/passport","@nestjs/passport","11.0.5","MIT","false","false",""
"node_modules/@nestjs/platform-express","@nestjs/platform-express","11.2.7","MIT","false","false",""
"node_modules/@nestjs/platform-socket.io","@nestjs/platform-socket.io","11.1.19","MIT","false","false",""
"node_modules/@nestjs/schedule","@nestjs/schedule","6.1.3","MIT","false","false",""
"node_modules/@nestjs/serve-static","@nestjs/serve-static","5.0.5","MIT","false","false",""
"node_modules/@nestjs/swagger","@nestjs/swagger","11.4.7","MIT","false","false",""
"node_modules/@nestjs/swagger/node_modules/js-yaml","js-yaml","5.3.0","MIT","false","false",""
"node_modules/@nestjs/swagger/node_modules/lodash","lodash","4.18.1","MIT","false","false",""
"node_modules/@nestjs/swagger/node_modules/swagger-ui-dist","swagger-ui-dist","5.32.13","Apache-2.0","false","false",""
"node_modules/@nestjs/testing","@nestjs/testing","11.0.12","MIT","true","false",""
"node_modules/@nestjs/typeorm","@nestjs/typeorm","11.0.0","MIT","false","false",""
"node_modules/@nestjs/websockets","@nestjs/websockets","11.1.19","MIT","false","false",""
"node_modules/@noble/ciphers","@noble/ciphers","1.3.0","MIT","false","false",""
"node_modules/@noble/hashes","@noble/hashes","1.8.0","MIT","false","false",""
"node_modules/@nodable/entities","@nodable/entities","2.1.0","MIT","false","false",""
"node_modules/@nodelib/fs.scandir","@nodelib/fs.scandir","2.1.5","MIT","true","false",""
"node_modules/@nodelib/fs.stat","@nodelib/fs.stat","2.0.5","MIT","true","false",""
"node_modules/@nodelib/fs.walk","@nodelib/fs.walk","1.2.8","MIT","true","false",""
"node_modules/@npmcli/agent","@npmcli/agent","2.2.2","ISC","true","false",""
"node_modules/@npmcli/agent/node_modules/agent-base","agent-base","7.1.4","MIT","true","false",""
"node_modules/@npmcli/agent/node_modules/http-proxy-agent","http-proxy-agent","7.0.2","MIT","true","false",""
"node_modules/@npmcli/agent/node_modules/https-proxy-agent","https-proxy-agent","7.0.6","MIT","true","false",""
"node_modules/@npmcli/agent/node_modules/lru-cache","lru-cache","10.4.3","ISC","true","false",""
"node_modules/@npmcli/agent/node_modules/socks-proxy-agent","socks-proxy-agent","8.0.5","MIT","true","false",""
"node_modules/@npmcli/arborist","@npmcli/arborist","7.5.4","ISC","true","false",""
"node_modules/@npmcli/arborist/node_modules/@isaacs/cliui","@isaacs/cliui","8.0.2","ISC","true","false",""
"node_modules/@npmcli/arborist/node_modules/@npmcli/fs","@npmcli/fs","3.1.1","ISC","true","false",""
"node_modules/@npmcli/arborist/node_modules/abbrev","abbrev","2.0.0","ISC","true","false",""
"node_modules/@npmcli/arborist/node_modules/ansi-regex","ansi-regex","6.2.2","MIT","true","false",""
"node_modules/@npmcli/arborist/node_modules/ansi-styles","ansi-styles","6.2.3","MIT","true","false",""
"node_modules/@npmcli/arborist/node_modules/brace-expansion","brace-expansion","2.1.7","MIT","true","false",""
"node_modules/@npmcli/arborist/node_modules/cacache","cacache","18.0.4","ISC","true","false",""
"node_modules/@npmcli/arborist/node_modules/emoji-regex","emoji-regex","9.2.2","MIT","true","false",""
"node_modules/@npmcli/arborist/node_modules/fs-minipass","fs-minipass","3.0.3","ISC","true","false",""
"node_modules/@npmcli/arborist/node_modules/glob","glob","10.5.0","ISC","true","false","Old versions of glob are not supported, and contain widely publicized security vulnerabilities, which have been fixed in the current version. Please update. Support for old versions may be purchased (at exorbitant rates) by contacting i@izs.me"
"node_modules/@npmcli/arborist/node_modules/jackspeak","jackspeak","3.4.3","BlueOak-1.0.0","true","false",""
"node_modules/@npmcli/arborist/node_modules/json-parse-even-better-errors","json-parse-even-better-errors","3.0.2","MIT","true","false",""
"node_modules/@npmcli/arborist/node_modules/lru-cache","lru-cache","10.4.3","ISC","true","false",""
"node_modules/@npmcli/arborist/node_modules/minimatch","minimatch","9.0.9","ISC","true","false",""
"node_modules/@npmcli/arborist/node_modules/minipass-collect","minipass-collect","2.0.1","ISC","true","false",""
"node_modules/@npmcli/arborist/node_modules/nopt","nopt","7.2.1","ISC","true","false",""
"node_modules/@npmcli/arborist/node_modules/path-scurry","path-scurry","1.11.1","BlueOak-1.0.0","true","false",""
"node_modules/@npmcli/arborist/node_modules/ssri","ssri","10.0.6","ISC","true","false",""
"node_modules/@npmcli/arborist/node_modules/string-width","string-width","5.1.2","MIT","true","false",""
"node_modules/@npmcli/arborist/node_modules/strip-ansi","strip-ansi","7.2.0","MIT","true","false",""
"node_modules/@npmcli/arborist/node_modules/unique-filename","unique-filename","3.0.0","ISC","true","false",""
"node_modules/@npmcli/arborist/node_modules/unique-slug","unique-slug","4.0.0","ISC","true","false",""
"node_modules/@npmcli/arborist/node_modules/wrap-ansi","wrap-ansi","8.1.0","MIT","true","false",""
"node_modules/@npmcli/git","@npmcli/git","5.0.8","ISC","true","false",""
"node_modules/@npmcli/git/node_modules/ini","ini","4.1.3","ISC","true","false",""
"node_modules/@npmcli/git/node_modules/isexe","isexe","3.1.5","BlueOak-1.0.0","true","false",""
"node_modules/@npmcli/git/node_modules/lru-cache","lru-cache","10.4.3","ISC","true","false",""
"node_modules/@npmcli/git/node_modules/which","which","4.0.0","ISC","true","false",""
"node_modules/@npmcli/installed-package-contents","@npmcli/installed-package-contents","2.1.0","ISC","true","false",""
"node_modules/@npmcli/map-workspaces","@npmcli/map-workspaces","3.0.6","ISC","true","false",""
"node_modules/@npmcli/map-workspaces/node_modules/@isaacs/cliui","@isaacs/cliui","8.0.2","ISC","true","false",""
"node_modules/@npmcli/map-workspaces/node_modules/ansi-regex","ansi-regex","6.2.2","MIT","true","false",""
"node_modules/@npmcli/map-workspaces/node_modules/ansi-styles","ansi-styles","6.2.3","MIT","true","false",""
"node_modules/@npmcli/map-workspaces/node_modules/brace-expansion","brace-expansion","2.1.7","MIT","true","false",""
"node_modules/@npmcli/map-workspaces/node_modules/emoji-regex","emoji-regex","9.2.2","MIT","true","false",""
"node_modules/@npmcli/map-workspaces/node_modules/glob","glob","10.5.0","ISC","true","false","Old versions of glob are not supported, and contain widely publicized security vulnerabilities, which have been fixed in the current version. Please update. Support for old versions may be purchased (at exorbitant rates) by contacting i@izs.me"
"node_modules/@npmcli/map-workspaces/node_modules/jackspeak","jackspeak","3.4.3","BlueOak-1.0.0","true","false",""
"node_modules/@npmcli/map-workspaces/node_modules/lru-cache","lru-cache","10.4.3","ISC","true","false",""
"node_modules/@npmcli/map-workspaces/node_modules/minimatch","minimatch","9.0.9","ISC","true","false",""
"node_modules/@npmcli/map-workspaces/node_modules/path-scurry","path-scurry","1.11.1","BlueOak-1.0.0","true","false",""
"node_modules/@npmcli/map-workspaces/node_modules/string-width","string-width","5.1.2","MIT","true","false",""
"node_modules/@npmcli/map-workspaces/node_modules/strip-ansi","strip-ansi","7.2.0","MIT","true","false",""
"node_modules/@npmcli/map-workspaces/node_modules/wrap-ansi","wrap-ansi","8.1.0","MIT","true","false",""
"node_modules/@npmcli/metavuln-calculator","@npmcli/metavuln-calculator","7.1.1","ISC","true","false",""
"node_modules/@npmcli/metavuln-calculator/node_modules/@isaacs/cliui","@isaacs/cliui","8.0.2","ISC","true","false",""
"node_modules/@npmcli/metavuln-calculator/node_modules/@npmcli/fs","@npmcli/fs","3.1.1","ISC","true","false",""
"node_modules/@npmcli/metavuln-calculator/node_modules/ansi-regex","ansi-regex","6.2.2","MIT","true","false",""
"node_modules/@npmcli/metavuln-calculator/node_modules/ansi-styles","ansi-styles","6.2.3","MIT","true","false",""
"node_modules/@npmcli/metavuln-calculator/node_modules/brace-expansion","brace-expansion","2.1.7","MIT","true","false",""
"node_modules/@npmcli/metavuln-calculator/node_modules/cacache","cacache","18.0.4","ISC","true","false",""
"node_modules/@npmcli/metavuln-calculator/node_modules/emoji-regex","emoji-regex","9.2.2","MIT","true","false",""
"node_modules/@npmcli/metavuln-calculator/node_modules/fs-minipass","fs-minipass","3.0.3","ISC","true","false",""
"node_modules/@npmcli/metavuln-calculator/node_modules/glob","glob","10.5.0","ISC","true","false","Old versions of glob are not supported, and contain widely publicized security vulnerabilities, which have been fixed in the current version. Please update. Support for old versions may be purchased (at exorbitant rates) by contacting i@izs.me"
"node_modules/@npmcli/metavuln-calculator/node_modules/jackspeak","jackspeak","3.4.3","BlueOak-1.0.0","true","false",""
"node_modules/@npmcli/metavuln-calculator/node_modules/json-parse-even-better-errors","json-parse-even-better-errors","3.0.2","MIT","true","false",""
"node_modules/@npmcli/metavuln-calculator/node_modules/lru-cache","lru-cache","10.4.3","ISC","true","false",""
"node_modules/@npmcli/metavuln-calculator/node_modules/minimatch","minimatch","9.0.9","ISC","true","false",""
"node_modules/@npmcli/metavuln-calculator/node_modules/minipass-collect","minipass-collect","2.0.1","ISC","true","false",""
"node_modules/@npmcli/metavuln-calculator/node_modules/path-scurry","path-scurry","1.11.1","BlueOak-1.0.0","true","false",""
"node_modules/@npmcli/metavuln-calculator/node_modules/ssri","ssri","10.0.6","ISC","true","false",""
"node_modules/@npmcli/metavuln-calculator/node_modules/string-width","string-width","5.1.2","MIT","true","false",""
"node_modules/@npmcli/metavuln-calculator/node_modules/strip-ansi","strip-ansi","7.2.0","MIT","true","false",""
"node_modules/@npmcli/metavuln-calculator/node_modules/unique-filename","unique-filename","3.0.0","ISC","true","false",""
"node_modules/@npmcli/metavuln-calculator/node_modules/unique-slug","unique-slug","4.0.0","ISC","true","false",""
"node_modules/@npmcli/metavuln-calculator/node_modules/wrap-ansi","wrap-ansi","8.1.0","MIT","true","false",""
"node_modules/@npmcli/name-from-folder","@npmcli/name-from-folder","2.0.0","ISC","true","false",""
"node_modules/@npmcli/node-gyp","@npmcli/node-gyp","3.0.0","ISC","true","false",""
"node_modules/@npmcli/package-json","@npmcli/package-json","5.2.1","ISC","true","false",""
"node_modules/@npmcli/package-json/node_modules/@isaacs/cliui","@isaacs/cliui","8.0.2","ISC","true","false",""
"node_modules/@npmcli/package-json/node_modules/ansi-regex","ansi-regex","6.2.2","MIT","true","false",""
"node_modules/@npmcli/package-json/node_modules/ansi-styles","ansi-styles","6.2.3","MIT","true","false",""
"node_modules/@npmcli/package-json/node_modules/brace-expansion","brace-expansion","2.1.7","MIT","true","false",""
"node_modules/@npmcli/package-json/node_modules/emoji-regex","emoji-regex","9.2.2","MIT","true","false",""
"node_modules/@npmcli/package-json/node_modules/glob","glob","10.5.0","ISC","true","false","Old versions of glob are not supported, and contain widely publicized security vulnerabilities, which have been fixed in the current version. Please update. Support for old versions may be purchased (at exorbitant rates) by contacting i@izs.me"
"node_modules/@npmcli/package-json/node_modules/jackspeak","jackspeak","3.4.3","BlueOak-1.0.0","true","false",""
"node_modules/@npmcli/package-json/node_modules/json-parse-even-better-errors","json-parse-even-better-errors","3.0.2","MIT","true","false",""
"node_modules/@npmcli/package-json/node_modules/lru-cache","lru-cache","10.4.3","ISC","true","false",""
"node_modules/@npmcli/package-json/node_modules/minimatch","minimatch","9.0.9","ISC","true","false",""
"node_modules/@npmcli/package-json/node_modules/path-scurry","path-scurry","1.11.1","BlueOak-1.0.0","true","false",""
"node_modules/@npmcli/package-json/node_modules/string-width","string-width","5.1.2","MIT","true","false",""
"node_modules/@npmcli/package-json/node_modules/strip-ansi","strip-ansi","7.2.0","MIT","true","false",""
"node_modules/@npmcli/package-json/node_modules/wrap-ansi","wrap-ansi","8.1.0","MIT","true","false",""
"node_modules/@npmcli/promise-spawn","@npmcli/promise-spawn","7.0.2","ISC","true","false",""
"node_modules/@npmcli/promise-spawn/node_modules/isexe","isexe","3.1.5","BlueOak-1.0.0","true","false",""
"node_modules/@npmcli/promise-spawn/node_modules/which","which","4.0.0","ISC","true","false",""
"node_modules/@npmcli/query","@npmcli/query","3.1.0","ISC","true","false",""
"node_modules/@npmcli/redact","@npmcli/redact","2.0.1","ISC","true","false",""
"node_modules/@npmcli/run-script","@npmcli/run-script","8.1.0","ISC","true","false",""
"node_modules/@npmcli/run-script/node_modules/@isaacs/cliui","@isaacs/cliui","8.0.2","ISC","true","false",""
"node_modules/@npmcli/run-script/node_modules/@npmcli/fs","@npmcli/fs","3.1.1","ISC","true","false",""
"node_modules/@npmcli/run-script/node_modules/abbrev","abbrev","2.0.0","ISC","true","false",""
"node_modules/@npmcli/run-script/node_modules/ansi-regex","ansi-regex","6.2.2","MIT","true","false",""
"node_modules/@npmcli/run-script/node_modules/ansi-styles","ansi-styles","6.2.3","MIT","true","false",""
"node_modules/@npmcli/run-script/node_modules/brace-expansion","brace-expansion","2.1.7","MIT","true","false",""
"node_modules/@npmcli/run-script/node_modules/cacache","cacache","18.0.4","ISC","true","false",""
"node_modules/@npmcli/run-script/node_modules/emoji-regex","emoji-regex","9.2.2","MIT","true","false",""
"node_modules/@npmcli/run-script/node_modules/fs-minipass","fs-minipass","3.0.3","ISC","true","false",""
"node_modules/@npmcli/run-script/node_modules/glob","glob","10.5.0","ISC","true","false","Old versions of glob are not supported, and contain widely publicized security vulnerabilities, which have been fixed in the current version. Please update. Support for old versions may be purchased (at exorbitant rates) by contacting i@izs.me"
"node_modules/@npmcli/run-script/node_modules/isexe","isexe","3.1.5","BlueOak-1.0.0","true","false",""
"node_modules/@npmcli/run-script/node_modules/jackspeak","jackspeak","3.4.3","BlueOak-1.0.0","true","false",""
"node_modules/@npmcli/run-script/node_modules/lru-cache","lru-cache","10.4.3","ISC","true","false",""
"node_modules/@npmcli/run-script/node_modules/make-fetch-happen","make-fetch-happen","13.0.1","ISC","true","false",""
"node_modules/@npmcli/run-script/node_modules/minimatch","minimatch","9.0.9","ISC","true","false",""
"node_modules/@npmcli/run-script/node_modules/minipass-collect","minipass-collect","2.0.1","ISC","true","false",""
"node_modules/@npmcli/run-script/node_modules/minipass-fetch","minipass-fetch","3.0.5","MIT","true","false",""
"node_modules/@npmcli/run-script/node_modules/negotiator","negotiator","0.6.4","MIT","true","false",""
"node_modules/@npmcli/run-script/node_modules/node-gyp","node-gyp","10.3.1","MIT","true","false",""
"node_modules/@npmcli/run-script/node_modules/nopt","nopt","7.2.1","ISC","true","false",""
"node_modules/@npmcli/run-script/node_modules/path-scurry","path-scurry","1.11.1","BlueOak-1.0.0","true","false",""
"node_modules/@npmcli/run-script/node_modules/ssri","ssri","10.0.6","ISC","true","false",""
"node_modules/@npmcli/run-script/node_modules/string-width","string-width","5.1.2","MIT","true","false",""
"node_modules/@npmcli/run-script/node_modules/strip-ansi","strip-ansi","7.2.0","MIT","true","false",""
"node_modules/@npmcli/run-script/node_modules/unique-filename","unique-filename","3.0.0","ISC","true","false",""
"node_modules/@npmcli/run-script/node_modules/unique-slug","unique-slug","4.0.0","ISC","true","false",""
"node_modules/@npmcli/run-script/node_modules/which","which","4.0.0","ISC","true","false",""
"node_modules/@npmcli/run-script/node_modules/wrap-ansi","wrap-ansi","8.1.0","MIT","true","false",""
"node_modules/@octokit/auth-token","@octokit/auth-token","5.1.2","MIT","true","false",""
"node_modules/@octokit/core","@octokit/core","6.1.6","MIT","true","false",""
"node_modules/@octokit/endpoint","@octokit/endpoint","10.1.4","MIT","true","false",""
"node_modules/@octokit/graphql","@octokit/graphql","8.2.2","MIT","true","false",""
"node_modules/@octokit/openapi-types","@octokit/openapi-types","25.1.0","MIT","true","false",""
"node_modules/@octokit/plugin-paginate-rest","@octokit/plugin-paginate-rest","11.6.0","MIT","true","false",""
"node_modules/@octokit/plugin-paginate-rest/node_modules/@octokit/openapi-types","@octokit/openapi-types","24.2.0","MIT","true","false",""
"node_modules/@octokit/plugin-paginate-rest/node_modules/@octokit/types","@octokit/types","13.10.0","MIT","true","false",""
"node_modules/@octokit/plugin-request-log","@octokit/plugin-request-log","5.3.1","MIT","true","false",""
"node_modules/@octokit/plugin-rest-endpoint-methods","@octokit/plugin-rest-endpoint-methods","13.5.0","MIT","true","false",""
"node_modules/@octokit/plugin-rest-endpoint-methods/node_modules/@octokit/openapi-types","@octokit/openapi-types","24.2.0","MIT","true","false",""
"node_modules/@octokit/plugin-rest-endpoint-methods/node_modules/@octokit/types","@octokit/types","13.10.0","MIT","true","false",""
"node_modules/@octokit/request","@octokit/request","9.2.4","MIT","true","false",""
"node_modules/@octokit/request-error","@octokit/request-error","6.1.8","MIT","true","false",""
"node_modules/@octokit/rest","@octokit/rest","21.1.1","MIT","true","false",""
"node_modules/@octokit/types","@octokit/types","14.1.0","MIT","true","false",""
"node_modules/@one-ini/wasm","@one-ini/wasm","0.1.1","MIT","true","false",""
"node_modules/@paralleldrive/cuid2","@paralleldrive/cuid2","2.3.1","MIT","true","false",""
"node_modules/@pinia/testing","@pinia/testing","1.0.0","MIT","true","false",""
"node_modules/@pkgjs/parseargs","@pkgjs/parseargs","0.11.0","MIT","false","true",""
"node_modules/@pkgr/core","@pkgr/core","0.2.9","MIT","true","false",""
"node_modules/@pnpm/config.env-replace","@pnpm/config.env-replace","1.1.0","MIT","true","false",""
"node_modules/@pnpm/network.ca-file","@pnpm/network.ca-file","1.0.2","MIT","true","false",""
"node_modules/@pnpm/network.ca-file/node_modules/graceful-fs","graceful-fs","4.2.10","ISC","true","false",""
"node_modules/@pnpm/npm-conf","@pnpm/npm-conf","3.0.2","MIT","true","false",""
"node_modules/@rollup/rollup-android-arm-eabi","@rollup/rollup-android-arm-eabi","4.60.2","MIT","true","true",""
"node_modules/@rollup/rollup-android-arm64","@rollup/rollup-android-arm64","4.60.2","MIT","true","true",""
"node_modules/@rollup/rollup-darwin-arm64","@rollup/rollup-darwin-arm64","4.60.2","MIT","true","true",""
"node_modules/@rollup/rollup-darwin-x64","@rollup/rollup-darwin-x64","4.60.2","MIT","true","true",""
"node_modules/@rollup/rollup-freebsd-arm64","@rollup/rollup-freebsd-arm64","4.60.2","MIT","true","true",""
"node_modules/@rollup/rollup-freebsd-x64","@rollup/rollup-freebsd-x64","4.60.2","MIT","true","true",""
"node_modules/@rollup/rollup-linux-arm-gnueabihf","@rollup/rollup-linux-arm-gnueabihf","4.60.2","MIT","true","true",""
"node_modules/@rollup/rollup-linux-arm-musleabihf","@rollup/rollup-linux-arm-musleabihf","4.60.2","MIT","true","true",""
"node_modules/@rollup/rollup-linux-arm64-gnu","@rollup/rollup-linux-arm64-gnu","4.60.2","MIT","true","true",""
"node_modules/@rollup/rollup-linux-arm64-musl","@rollup/rollup-linux-arm64-musl","4.60.2","MIT","true","true",""
"node_modules/@rollup/rollup-linux-loong64-gnu","@rollup/rollup-linux-loong64-gnu","4.60.2","MIT","true","true",""
"node_modules/@rollup/rollup-linux-loong64-musl","@rollup/rollup-linux-loong64-musl","4.60.2","MIT","true","true",""
"node_modules/@rollup/rollup-linux-ppc64-gnu","@rollup/rollup-linux-ppc64-gnu","4.60.2","MIT","true","true",""
"node_modules/@rollup/rollup-linux-ppc64-musl","@rollup/rollup-linux-ppc64-musl","4.60.2","MIT","true","true",""
"node_modules/@rollup/rollup-linux-riscv64-gnu","@rollup/rollup-linux-riscv64-gnu","4.60.2","MIT","true","true",""
"node_modules/@rollup/rollup-linux-riscv64-musl","@rollup/rollup-linux-riscv64-musl","4.60.2","MIT","true","true",""
"node_modules/@rollup/rollup-linux-s390x-gnu","@rollup/rollup-linux-s390x-gnu","4.60.2","MIT","true","true",""
"node_modules/@rollup/rollup-linux-x64-gnu","@rollup/rollup-linux-x64-gnu","4.60.2","MIT","true","true",""
"node_modules/@rollup/rollup-linux-x64-musl","@rollup/rollup-linux-x64-musl","4.60.2","MIT","true","true",""
"node_modules/@rollup/rollup-openbsd-x64","@rollup/rollup-openbsd-x64","4.60.2","MIT","true","true",""
"node_modules/@rollup/rollup-openharmony-arm64","@rollup/rollup-openharmony-arm64","4.60.2","MIT","true","true",""
"node_modules/@rollup/rollup-win32-arm64-msvc","@rollup/rollup-win32-arm64-msvc","4.60.2","MIT","true","true",""
"node_modules/@rollup/rollup-win32-ia32-msvc","@rollup/rollup-win32-ia32-msvc","4.60.2","MIT","true","true",""
"node_modules/@rollup/rollup-win32-x64-gnu","@rollup/rollup-win32-x64-gnu","4.60.2","MIT","true","true",""
"node_modules/@rollup/rollup-win32-x64-msvc","@rollup/rollup-win32-x64-msvc","4.60.2","MIT","true","true",""
"node_modules/@scarf/scarf","@scarf/scarf","1.4.0","Apache-2.0","false","false",""
"node_modules/@sec-ant/readable-stream","@sec-ant/readable-stream","0.4.1","MIT","true","false",""
"node_modules/@sideway/address","@sideway/address","4.1.5","BSD-3-Clause","true","false",""
"node_modules/@sideway/formula","@sideway/formula","3.0.1","BSD-3-Clause","true","false",""
"node_modules/@sideway/pinpoint","@sideway/pinpoint","2.0.0","BSD-3-Clause","true","false",""
"node_modules/@sigstore/bundle","@sigstore/bundle","2.3.2","Apache-2.0","true","false",""
"node_modules/@sigstore/core","@sigstore/core","1.1.0","Apache-2.0","true","false",""
"node_modules/@sigstore/protobuf-specs","@sigstore/protobuf-specs","0.3.3","Apache-2.0","true","false",""
"node_modules/@sigstore/sign","@sigstore/sign","2.3.2","Apache-2.0","true","false",""
"node_modules/@sigstore/sign/node_modules/@isaacs/cliui","@isaacs/cliui","8.0.2","ISC","true","false",""
"node_modules/@sigstore/sign/node_modules/@npmcli/fs","@npmcli/fs","3.1.1","ISC","true","false",""
"node_modules/@sigstore/sign/node_modules/ansi-regex","ansi-regex","6.2.2","MIT","true","false",""
"node_modules/@sigstore/sign/node_modules/ansi-styles","ansi-styles","6.2.3","MIT","true","false",""
"node_modules/@sigstore/sign/node_modules/brace-expansion","brace-expansion","2.1.7","MIT","true","false",""
"node_modules/@sigstore/sign/node_modules/cacache","cacache","18.0.4","ISC","true","false",""
"node_modules/@sigstore/sign/node_modules/emoji-regex","emoji-regex","9.2.2","MIT","true","false",""
"node_modules/@sigstore/sign/node_modules/fs-minipass","fs-minipass","3.0.3","ISC","true","false",""
"node_modules/@sigstore/sign/node_modules/glob","glob","10.5.0","ISC","true","false","Old versions of glob are not supported, and contain widely publicized security vulnerabilities, which have been fixed in the current version. Please update. Support for old versions may be purchased (at exorbitant rates) by contacting i@izs.me"
"node_modules/@sigstore/sign/node_modules/jackspeak","jackspeak","3.4.3","BlueOak-1.0.0","true","false",""
"node_modules/@sigstore/sign/node_modules/lru-cache","lru-cache","10.4.3","ISC","true","false",""
"node_modules/@sigstore/sign/node_modules/make-fetch-happen","make-fetch-happen","13.0.1","ISC","true","false",""
"node_modules/@sigstore/sign/node_modules/minimatch","minimatch","9.0.9","ISC","true","false",""
"node_modules/@sigstore/sign/node_modules/minipass-collect","minipass-collect","2.0.1","ISC","true","false",""
"node_modules/@sigstore/sign/node_modules/minipass-fetch","minipass-fetch","3.0.5","MIT","true","false",""
"node_modules/@sigstore/sign/node_modules/negotiator","negotiator","0.6.4","MIT","true","false",""
"node_modules/@sigstore/sign/node_modules/path-scurry","path-scurry","1.11.1","BlueOak-1.0.0","true","false",""
"node_modules/@sigstore/sign/node_modules/ssri","ssri","10.0.6","ISC","true","false",""
"node_modules/@sigstore/sign/node_modules/string-width","string-width","5.1.2","MIT","true","false",""
"node_modules/@sigstore/sign/node_modules/strip-ansi","strip-ansi","7.2.0","MIT","true","false",""
"node_modules/@sigstore/sign/node_modules/unique-filename","unique-filename","3.0.0","ISC","true","false",""
"node_modules/@sigstore/sign/node_modules/unique-slug","unique-slug","4.0.0","ISC","true","false",""
"node_modules/@sigstore/sign/node_modules/wrap-ansi","wrap-ansi","8.1.0","MIT","true","false",""
"node_modules/@sigstore/tuf","@sigstore/tuf","2.3.4","Apache-2.0","true","false",""
"node_modules/@sigstore/verify","@sigstore/verify","1.2.1","Apache-2.0","true","false",""
"node_modules/@sinclair/typebox","@sinclair/typebox","0.27.10","MIT","true","false",""
"node_modules/@sindresorhus/merge-streams","@sindresorhus/merge-streams","4.0.0","MIT","true","false",""
"node_modules/@sinonjs/commons","@sinonjs/commons","3.0.1","BSD-3-Clause","true","false",""
"node_modules/@sinonjs/fake-timers","@sinonjs/fake-timers","10.3.0","BSD-3-Clause","true","false",""
"node_modules/@sinonjs/samsam","@sinonjs/samsam","8.0.3","BSD-3-Clause","true","false",""
"node_modules/@sinonjs/samsam/node_modules/type-detect","type-detect","4.1.0","MIT","true","false",""
"node_modules/@smithy/chunked-blob-reader","@smithy/chunked-blob-reader","5.2.2","Apache-2.0","false","false",""
"node_modules/@smithy/chunked-blob-reader-native","@smithy/chunked-blob-reader-native","4.2.3","Apache-2.0","false","false",""
"node_modules/@smithy/config-resolver","@smithy/config-resolver","4.4.17","Apache-2.0","false","false",""
"node_modules/@smithy/core","@smithy/core","3.23.17","Apache-2.0","false","false",""
"node_modules/@smithy/credential-provider-imds","@smithy/credential-provider-imds","4.2.14","Apache-2.0","false","false",""
"node_modules/@smithy/eventstream-codec","@smithy/eventstream-codec","4.2.14","Apache-2.0","false","false",""
"node_modules/@smithy/eventstream-serde-browser","@smithy/eventstream-serde-browser","4.2.14","Apache-2.0","false","false",""
"node_modules/@smithy/eventstream-serde-config-resolver","@smithy/eventstream-serde-config-resolver","4.3.14","Apache-2.0","false","false",""
"node_modules/@smithy/eventstream-serde-node","@smithy/eventstream-serde-node","4.2.14","Apache-2.0","false","false",""
"node_modules/@smithy/eventstream-serde-universal","@smithy/eventstream-serde-universal","4.2.14","Apache-2.0","false","false",""
"node_modules/@smithy/fetch-http-handler","@smithy/fetch-http-handler","5.3.17","Apache-2.0","false","false",""
"node_modules/@smithy/hash-blob-browser","@smithy/hash-blob-browser","4.2.15","Apache-2.0","false","false",""
"node_modules/@smithy/hash-node","@smithy/hash-node","4.2.14","Apache-2.0","false","false",""
"node_modules/@smithy/hash-stream-node","@smithy/hash-stream-node","4.2.14","Apache-2.0","false","false",""
"node_modules/@smithy/invalid-dependency","@smithy/invalid-dependency","4.2.14","Apache-2.0","false","false",""
"node_modules/@smithy/is-array-buffer","@smithy/is-array-buffer","4.2.2","Apache-2.0","false","false",""
"node_modules/@smithy/md5-js","@smithy/md5-js","4.2.14","Apache-2.0","false","false",""
"node_modules/@smithy/middleware-content-length","@smithy/middleware-content-length","4.2.14","Apache-2.0","false","false",""
"node_modules/@smithy/middleware-endpoint","@smithy/middleware-endpoint","4.4.32","Apache-2.0","false","false",""
"node_modules/@smithy/middleware-retry","@smithy/middleware-retry","4.5.7","Apache-2.0","false","false",""
"node_modules/@smithy/middleware-serde","@smithy/middleware-serde","4.2.20","Apache-2.0","false","false",""
"node_modules/@smithy/middleware-stack","@smithy/middleware-stack","4.2.14","Apache-2.0","false","false",""
"node_modules/@smithy/node-config-provider","@smithy/node-config-provider","4.3.14","Apache-2.0","false","false",""
"node_modules/@smithy/node-http-handler","@smithy/node-http-handler","4.6.1","Apache-2.0","false","false",""
"node_modules/@smithy/property-provider","@smithy/property-provider","4.2.14","Apache-2.0","false","false",""
"node_modules/@smithy/protocol-http","@smithy/protocol-http","5.3.14","Apache-2.0","false","false",""
"node_modules/@smithy/querystring-builder","@smithy/querystring-builder","4.2.14","Apache-2.0","false","false",""
"node_modules/@smithy/querystring-parser","@smithy/querystring-parser","4.2.14","Apache-2.0","false","false",""
"node_modules/@smithy/service-error-classification","@smithy/service-error-classification","4.3.1","Apache-2.0","false","false",""
"node_modules/@smithy/shared-ini-file-loader","@smithy/shared-ini-file-loader","4.4.9","Apache-2.0","false","false",""
"node_modules/@smithy/signature-v4","@smithy/signature-v4","5.3.14","Apache-2.0","false","false",""
"node_modules/@smithy/smithy-client","@smithy/smithy-client","4.12.13","Apache-2.0","false","false",""
"node_modules/@smithy/types","@smithy/types","4.14.1","Apache-2.0","false","false",""
"node_modules/@smithy/url-parser","@smithy/url-parser","4.2.14","Apache-2.0","false","false",""
"node_modules/@smithy/util-base64","@smithy/util-base64","4.3.2","Apache-2.0","false","false",""
"node_modules/@smithy/util-body-length-browser","@smithy/util-body-length-browser","4.2.2","Apache-2.0","false","false",""
"node_modules/@smithy/util-body-length-node","@smithy/util-body-length-node","4.2.3","Apache-2.0","false","false",""
"node_modules/@smithy/util-buffer-from","@smithy/util-buffer-from","4.2.2","Apache-2.0","false","false",""
"node_modules/@smithy/util-config-provider","@smithy/util-config-provider","4.2.2","Apache-2.0","false","false",""
"node_modules/@smithy/util-defaults-mode-browser","@smithy/util-defaults-mode-browser","4.3.49","Apache-2.0","false","false",""
"node_modules/@smithy/util-defaults-mode-node","@smithy/util-defaults-mode-node","4.2.54","Apache-2.0","false","false",""
"node_modules/@smithy/util-endpoints","@smithy/util-endpoints","3.4.2","Apache-2.0","false","false",""
"node_modules/@smithy/util-hex-encoding","@smithy/util-hex-encoding","4.2.2","Apache-2.0","false","false",""
"node_modules/@smithy/util-middleware","@smithy/util-middleware","4.2.14","Apache-2.0","false","false",""
"node_modules/@smithy/util-retry","@smithy/util-retry","4.3.8","Apache-2.0","false","false",""
"node_modules/@smithy/util-stream","@smithy/util-stream","4.5.25","Apache-2.0","false","false",""
"node_modules/@smithy/util-uri-escape","@smithy/util-uri-escape","4.2.2","Apache-2.0","false","false",""
"node_modules/@smithy/util-utf8","@smithy/util-utf8","4.2.2","Apache-2.0","false","false",""
"node_modules/@smithy/util-waiter","@smithy/util-waiter","4.3.0","Apache-2.0","false","false",""
"node_modules/@smithy/uuid","@smithy/uuid","1.1.2","Apache-2.0","false","false",""
"node_modules/@socket.io/component-emitter","@socket.io/component-emitter","3.1.2","MIT","false","false",""
"node_modules/@sqltools/formatter","@sqltools/formatter","1.2.5","MIT","false","false",""
"node_modules/@swc/helpers","@swc/helpers","0.5.21","Apache-2.0","false","false",""
"node_modules/@tokenizer/inflate","@tokenizer/inflate","0.4.1","MIT","false","false",""
"node_modules/@tokenizer/token","@tokenizer/token","0.3.0","MIT","false","false",""
"node_modules/@tsconfig/node10","@tsconfig/node10","1.0.12","MIT","false","false",""
"node_modules/@tsconfig/node12","@tsconfig/node12","1.0.11","MIT","false","false",""
"node_modules/@tsconfig/node14","@tsconfig/node14","1.0.3","MIT","false","false",""
"node_modules/@tsconfig/node16","@tsconfig/node16","1.0.4","MIT","false","false",""
"node_modules/@tsconfig/node18","@tsconfig/node18","18.2.4","MIT","true","false",""
"node_modules/@tufjs/canonical-json","@tufjs/canonical-json","2.0.0","MIT","true","false",""
"node_modules/@tufjs/models","@tufjs/models","2.0.1","MIT","true","false",""
"node_modules/@tufjs/models/node_modules/brace-expansion","brace-expansion","2.1.7","MIT","true","false",""
"node_modules/@tufjs/models/node_modules/minimatch","minimatch","9.0.9","ISC","true","false",""
"node_modules/@tybys/wasm-util","@tybys/wasm-util","0.10.1","MIT","true","true",""
"node_modules/@types/babel__core","@types/babel__core","7.20.5","MIT","true","false",""
"node_modules/@types/babel__generator","@types/babel__generator","7.27.0","MIT","true","false",""
"node_modules/@types/babel__template","@types/babel__template","7.4.4","MIT","true","false",""
"node_modules/@types/babel__traverse","@types/babel__traverse","7.28.0","MIT","true","false",""
"node_modules/@types/bcrypt","@types/bcrypt","5.0.2","MIT","true","false",""
"node_modules/@types/body-parser","@types/body-parser","1.19.6","MIT","true","false",""
"node_modules/@types/connect","@types/connect","3.4.38","MIT","true","false",""
"node_modules/@types/cookiejar","@types/cookiejar","2.1.5","MIT","true","false",""
"node_modules/@types/cors","@types/cors","2.8.19","MIT","false","false",""
"node_modules/@types/doctrine","@types/doctrine","0.0.9","MIT","true","false",""
"node_modules/@types/ejs","@types/ejs","3.1.5","MIT","true","false",""
"node_modules/@types/estree","@types/estree","1.0.8","MIT","true","false",""
"node_modules/@types/expect","@types/expect","1.20.4","MIT","true","false",""
"node_modules/@types/express","@types/express","5.0.1","MIT","true","false",""
"node_modules/@types/express-serve-static-core","@types/express-serve-static-core","5.0.6","MIT","true","false",""
"node_modules/@types/graceful-fs","@types/graceful-fs","4.1.9","MIT","true","false",""
"node_modules/@types/http-errors","@types/http-errors","2.0.5","MIT","true","false",""
"node_modules/@types/istanbul-lib-coverage","@types/istanbul-lib-coverage","2.0.6","MIT","true","false",""
"node_modules/@types/istanbul-lib-report","@types/istanbul-lib-report","3.0.3","MIT","true","false",""
"node_modules/@types/istanbul-reports","@types/istanbul-reports","3.0.4","MIT","true","false",""
"node_modules/@types/jest","@types/jest","29.5.14","MIT","true","false",""
"node_modules/@types/json-schema","@types/json-schema","7.0.15","MIT","true","false",""
"node_modules/@types/jsonwebtoken","@types/jsonwebtoken","9.0.7","MIT","false","false",""
"node_modules/@types/lodash","@types/lodash","4.17.24","MIT","true","false",""
"node_modules/@types/lodash-es","@types/lodash-es","4.17.12","MIT","true","false",""
"node_modules/@types/luxon","@types/luxon","3.7.1","MIT","false","false",""
"node_modules/@types/methods","@types/methods","1.1.4","MIT","true","false",""
"node_modules/@types/node","@types/node","20.11.25","MIT","false","false",""
"node_modules/@types/normalize-package-data","@types/normalize-package-data","2.4.4","MIT","true","false",""
"node_modules/@types/pako","@types/pako","2.0.4","MIT","false","false",""
"node_modules/@types/passport","@types/passport","1.0.17","MIT","true","false",""
"node_modules/@types/passport-jwt","@types/passport-jwt","4.0.1","MIT","true","false",""
"node_modules/@types/passport-strategy","@types/passport-strategy","0.2.38","MIT","true","false",""
"node_modules/@types/pdfkit","@types/pdfkit","0.17.6","MIT","false","false",""
"node_modules/@types/qrcode","@types/qrcode","1.5.6","MIT","false","false",""
"node_modules/@types/qs","@types/qs","6.15.0","MIT","true","false",""
"node_modules/@types/raf","@types/raf","3.4.3","MIT","false","true",""
"node_modules/@types/range-parser","@types/range-parser","1.2.7","MIT","true","false",""
"node_modules/@types/send","@types/send","1.2.1","MIT","true","false",""
"node_modules/@types/serve-static","@types/serve-static","2.2.0","MIT","true","false",""
"node_modules/@types/sinon","@types/sinon","17.0.4","MIT","true","false",""
"node_modules/@types/sinonjs__fake-timers","@types/sinonjs__fake-timers","15.0.1","MIT","true","false",""
"node_modules/@types/stack-utils","@types/stack-utils","2.0.3","MIT","true","false",""
"node_modules/@types/superagent","@types/superagent","8.1.9","MIT","true","false",""
"node_modules/@types/supertest","@types/supertest","6.0.3","MIT","true","false",""
"node_modules/@types/trusted-types","@types/trusted-types","2.0.7","MIT","false","true",""
"node_modules/@types/validator","@types/validator","13.15.10","MIT","false","false",""
"node_modules/@types/vinyl","@types/vinyl","2.0.12","MIT","true","false",""
"node_modules/@types/web-bluetooth","@types/web-bluetooth","0.0.21","MIT","false","false",""
"node_modules/@types/ws","@types/ws","8.18.1","MIT","false","false",""
"node_modules/@types/yargs","@types/yargs","17.0.35","MIT","true","false",""
"node_modules/@types/yargs-parser","@types/yargs-parser","21.0.3","MIT","true","false",""
"node_modules/@typescript-eslint/eslint-plugin","@typescript-eslint/eslint-plugin","8.28.0","MIT","true","false",""
"node_modules/@typescript-eslint/parser","@typescript-eslint/parser","8.28.0","MIT","true","false",""
"node_modules/@typescript-eslint/scope-manager","@typescript-eslint/scope-manager","8.28.0","MIT","true","false",""
"node_modules/@typescript-eslint/type-utils","@typescript-eslint/type-utils","8.28.0","MIT","true","false",""
"node_modules/@typescript-eslint/types","@typescript-eslint/types","8.28.0","MIT","true","false",""
"node_modules/@typescript-eslint/typescript-estree","@typescript-eslint/typescript-estree","8.28.0","MIT","true","false",""
"node_modules/@typescript-eslint/typescript-estree/node_modules/brace-expansion","brace-expansion","2.1.7","MIT","true","false",""
"node_modules/@typescript-eslint/typescript-estree/node_modules/minimatch","minimatch","9.0.9","ISC","true","false",""
"node_modules/@typescript-eslint/utils","@typescript-eslint/utils","8.28.0","MIT","true","false",""
"node_modules/@typescript-eslint/visitor-keys","@typescript-eslint/visitor-keys","8.28.0","MIT","true","false",""
"node_modules/@unrs/resolver-binding-android-arm-eabi","@unrs/resolver-binding-android-arm-eabi","1.11.1","MIT","true","true",""
"node_modules/@unrs/resolver-binding-android-arm64","@unrs/resolver-binding-android-arm64","1.11.1","MIT","true","true",""
"node_modules/@unrs/resolver-binding-darwin-arm64","@unrs/resolver-binding-darwin-arm64","1.11.1","MIT","true","true",""
"node_modules/@unrs/resolver-binding-darwin-x64","@unrs/resolver-binding-darwin-x64","1.11.1","MIT","true","true",""
"node_modules/@unrs/resolver-binding-freebsd-x64","@unrs/resolver-binding-freebsd-x64","1.11.1","MIT","true","true",""
"node_modules/@unrs/resolver-binding-linux-arm-gnueabihf","@unrs/resolver-binding-linux-arm-gnueabihf","1.11.1","MIT","true","true",""
"node_modules/@unrs/resolver-binding-linux-arm-musleabihf","@unrs/resolver-binding-linux-arm-musleabihf","1.11.1","MIT","true","true",""
"node_modules/@unrs/resolver-binding-linux-arm64-gnu","@unrs/resolver-binding-linux-arm64-gnu","1.11.1","MIT","true","true",""
"node_modules/@unrs/resolver-binding-linux-arm64-musl","@unrs/resolver-binding-linux-arm64-musl","1.11.1","MIT","true","true",""
"node_modules/@unrs/resolver-binding-linux-ppc64-gnu","@unrs/resolver-binding-linux-ppc64-gnu","1.11.1","MIT","true","true",""
"node_modules/@unrs/resolver-binding-linux-riscv64-gnu","@unrs/resolver-binding-linux-riscv64-gnu","1.11.1","MIT","true","true",""
"node_modules/@unrs/resolver-binding-linux-riscv64-musl","@unrs/resolver-binding-linux-riscv64-musl","1.11.1","MIT","true","true",""
"node_modules/@unrs/resolver-binding-linux-s390x-gnu","@unrs/resolver-binding-linux-s390x-gnu","1.11.1","MIT","true","true",""
"node_modules/@unrs/resolver-binding-linux-x64-gnu","@unrs/resolver-binding-linux-x64-gnu","1.11.1","MIT","true","true",""
"node_modules/@unrs/resolver-binding-linux-x64-musl","@unrs/resolver-binding-linux-x64-musl","1.11.1","MIT","true","true",""
"node_modules/@unrs/resolver-binding-wasm32-wasi","@unrs/resolver-binding-wasm32-wasi","1.11.1","MIT","true","true",""
"node_modules/@unrs/resolver-binding-win32-arm64-msvc","@unrs/resolver-binding-win32-arm64-msvc","1.11.1","MIT","true","true",""
"node_modules/@unrs/resolver-binding-win32-ia32-msvc","@unrs/resolver-binding-win32-ia32-msvc","1.11.1","MIT","true","true",""
"node_modules/@unrs/resolver-binding-win32-x64-msvc","@unrs/resolver-binding-win32-x64-msvc","1.11.1","MIT","true","true",""
"node_modules/@vitejs/plugin-vue","@vitejs/plugin-vue","5.2.3","MIT","true","false",""
"node_modules/@vitest/coverage-v8","@vitest/coverage-v8","3.0.9","MIT","true","false",""
"node_modules/@vitest/expect","@vitest/expect","3.0.9","MIT","true","false",""
"node_modules/@vitest/mocker","@vitest/mocker","3.0.9","MIT","true","false",""
"node_modules/@vitest/mocker/node_modules/estree-walker","estree-walker","3.0.3","MIT","true","false",""
"node_modules/@vitest/pretty-format","@vitest/pretty-format","3.2.4","MIT","true","false",""
"node_modules/@vitest/runner","@vitest/runner","3.0.9","MIT","true","false",""
"node_modules/@vitest/snapshot","@vitest/snapshot","3.0.9","MIT","true","false",""
"node_modules/@vitest/snapshot/node_modules/@vitest/pretty-format","@vitest/pretty-format","3.0.9","MIT","true","false",""
"node_modules/@vitest/spy","@vitest/spy","3.0.9","MIT","true","false",""
"node_modules/@vitest/utils","@vitest/utils","3.0.9","MIT","true","false",""
"node_modules/@vitest/utils/node_modules/@vitest/pretty-format","@vitest/pretty-format","3.0.9","MIT","true","false",""
"node_modules/@vue/compat","@vue/compat","3.5.13","MIT","false","false",""
"node_modules/@vue/compiler-core","@vue/compiler-core","3.5.13","MIT","false","false",""
"node_modules/@vue/compiler-dom","@vue/compiler-dom","3.5.13","MIT","false","false",""
"node_modules/@vue/compiler-sfc","@vue/compiler-sfc","3.5.13","MIT","false","false",""
"node_modules/@vue/compiler-ssr","@vue/compiler-ssr","3.5.13","MIT","false","false",""
"node_modules/@vue/devtools-api","@vue/devtools-api","7.7.9","MIT","false","false",""
"node_modules/@vue/devtools-kit","@vue/devtools-kit","7.7.9","MIT","false","false",""
"node_modules/@vue/devtools-kit/node_modules/mitt","mitt","3.0.1","MIT","false","false",""
"node_modules/@vue/devtools-shared","@vue/devtools-shared","7.7.9","MIT","false","false",""
"node_modules/@vue/reactivity","@vue/reactivity","3.5.13","MIT","false","false",""
"node_modules/@vue/runtime-core","@vue/runtime-core","3.5.13","MIT","false","false",""
"node_modules/@vue/runtime-dom","@vue/runtime-dom","3.5.13","MIT","false","false",""
"node_modules/@vue/server-renderer","@vue/server-renderer","3.5.13","MIT","false","false",""
"node_modules/@vue/shared","@vue/shared","3.5.13","MIT","false","false",""
"node_modules/@vue/test-utils","@vue/test-utils","2.4.6","MIT","true","false",""
"node_modules/@vue/tsconfig","@vue/tsconfig","0.7.0","MIT","true","false",""
"node_modules/@vuelidate/core","@vuelidate/core","2.0.3","MIT","false","false",""
"node_modules/@vuelidate/validators","@vuelidate/validators","2.0.4","MIT","false","false",""
"node_modules/@vueuse/core","@vueuse/core","13.0.0","MIT","false","false",""
"node_modules/@vueuse/metadata","@vueuse/metadata","13.0.0","MIT","false","false",""
"node_modules/@vueuse/shared","@vueuse/shared","13.0.0","MIT","false","false",""
"node_modules/@yeoman/adapter","@yeoman/adapter","2.0.0","MIT","true","false",""
"node_modules/@yeoman/adapter/node_modules/chalk","chalk","5.6.2","MIT","true","false",""
"node_modules/@yeoman/conflicter","@yeoman/conflicter","2.3.2","MIT","true","false",""
"node_modules/@yeoman/conflicter/node_modules/brace-expansion","brace-expansion","2.1.7","MIT","true","false",""
"node_modules/@yeoman/conflicter/node_modules/minimatch","minimatch","9.0.9","ISC","true","false",""
"node_modules/@yeoman/namespace","@yeoman/namespace","1.0.1","MIT","true","false",""
"node_modules/@yeoman/transform","@yeoman/transform","2.1.0","MIT","true","false",""
"node_modules/@yeoman/transform/node_modules/brace-expansion","brace-expansion","2.1.7","MIT","true","false",""
"node_modules/@yeoman/transform/node_modules/minimatch","minimatch","9.0.9","ISC","true","false",""
"node_modules/@yeoman/types","@yeoman/types","1.5.0","MIT","true","false",""
"node_modules/accepts","accepts","2.0.0","MIT","false","false",""
"node_modules/acorn","acorn","8.16.0","MIT","false","false",""
"node_modules/acorn-jsx","acorn-jsx","5.3.2","MIT","true","false",""
"node_modules/acorn-walk","acorn-walk","8.3.5","MIT","false","false",""
"node_modules/adm-zip","adm-zip","0.5.12","MIT","true","false",""
"node_modules/agent-base","agent-base","6.0.2","MIT","false","false",""
"node_modules/aggregate-error","aggregate-error","3.1.0","MIT","true","false",""
"node_modules/ajv","ajv","6.15.0","MIT","true","false",""
"node_modules/ansi-escapes","ansi-escapes","4.3.2","MIT","true","false",""
"node_modules/ansi-escapes/node_modules/type-fest","type-fest","0.21.3","(MIT OR CC0-1.0)","true","false",""
"node_modules/ansi-regex","ansi-regex","5.0.1","MIT","false","false",""
"node_modules/ansi-styles","ansi-styles","4.3.0","MIT","false","false",""
"node_modules/ansis","ansis","4.4.0","ISC","false","false",""
"node_modules/anymatch","anymatch","3.1.3","ISC","true","false",""
"node_modules/app-root-path","app-root-path","3.1.0","MIT","false","false",""
"node_modules/append-field","append-field","1.0.0","MIT","false","false",""
"node_modules/arg","arg","4.1.3","MIT","false","false",""
"node_modules/argparse","argparse","2.0.1","Python-2.0","false","false",""
"node_modules/array-buffer-byte-length","array-buffer-byte-length","1.0.2","MIT","true","false",""
"node_modules/array-differ","array-differ","4.0.0","MIT","true","false",""
"node_modules/array-union","array-union","3.0.1","MIT","true","false",""
"node_modules/array.prototype.flatmap","array.prototype.flatmap","1.3.3","MIT","true","false",""
"node_modules/arraybuffer.prototype.slice","arraybuffer.prototype.slice","1.0.4","MIT","true","false",""
"node_modules/arrify","arrify","3.0.0","MIT","true","false",""
"node_modules/asap","asap","2.0.6","MIT","true","false",""
"node_modules/assertion-error","assertion-error","2.0.1","MIT","true","false",""
"node_modules/async-function","async-function","1.0.0","MIT","true","false",""
"node_modules/asynckit","asynckit","0.4.0","MIT","false","false",""
"node_modules/autoprefixer","autoprefixer","10.4.21","MIT","true","false",""
"node_modules/available-typed-arrays","available-typed-arrays","1.0.7","MIT","false","false",""
"node_modules/axios","axios","1.20.0","MIT","false","false",""
"node_modules/axios-mock-adapter","axios-mock-adapter","2.1.0","MIT","true","false",""
"node_modules/axios/node_modules/proxy-from-env","proxy-from-env","2.1.0","MIT","false","false",""
"node_modules/b4a","b4a","1.8.1","Apache-2.0","true","false",""
"node_modules/babel-jest","babel-jest","29.7.0","MIT","true","false",""
"node_modules/babel-jest/node_modules/slash","slash","3.0.0","MIT","true","false",""
"node_modules/babel-plugin-istanbul","babel-plugin-istanbul","6.1.1","BSD-3-Clause","true","false",""
"node_modules/babel-plugin-istanbul/node_modules/glob","glob","7.2.3","ISC","true","false","Old versions of glob are not supported, and contain widely publicized security vulnerabilities, which have been fixed in the current version. Please update. Support for old versions may be purchased (at exorbitant rates) by contacting i@izs.me"
"node_modules/babel-plugin-istanbul/node_modules/istanbul-lib-instrument","istanbul-lib-instrument","5.2.1","BSD-3-Clause","true","false",""
"node_modules/babel-plugin-istanbul/node_modules/semver","semver","6.3.1","ISC","true","false",""
"node_modules/babel-plugin-istanbul/node_modules/test-exclude","test-exclude","6.0.0","ISC","true","false",""
"node_modules/babel-plugin-jest-hoist","babel-plugin-jest-hoist","29.6.3","MIT","true","false",""
"node_modules/babel-preset-current-node-syntax","babel-preset-current-node-syntax","1.2.0","MIT","true","false",""
"node_modules/babel-preset-jest","babel-preset-jest","29.6.3","MIT","true","false",""
"node_modules/balanced-match","balanced-match","1.0.2","MIT","false","false",""
"node_modules/bare-events","bare-events","2.8.2","Apache-2.0","true","false",""
"node_modules/base64-arraybuffer","base64-arraybuffer","1.0.2","MIT","false","true",""
"node_modules/base64-js","base64-js","1.5.1","MIT","false","false",""
"node_modules/base64id","base64id","2.0.0","MIT","false","false",""
"node_modules/baseline-browser-mapping","baseline-browser-mapping","2.10.24","Apache-2.0","true","false",""
"node_modules/bcrypt","bcrypt","6.0.0","MIT","false","false",""
"node_modules/before-after-hook","before-after-hook","3.0.2","Apache-2.0","true","false",""
"node_modules/bin-links","bin-links","4.0.4","ISC","true","false",""
"node_modules/bin-links/node_modules/write-file-atomic","write-file-atomic","5.0.1","ISC","true","false",""
"node_modules/binary-extensions","binary-extensions","2.3.0","MIT","true","false",""
"node_modules/binaryextensions","binaryextensions","6.11.0","Artistic-2.0","true","false",""
"node_modules/bindings","bindings","1.5.0","MIT","false","false",""
"node_modules/birpc","birpc","2.9.0","MIT","false","false",""
"node_modules/bl","bl","4.1.0","MIT","false","false",""
"node_modules/bl/node_modules/buffer","buffer","5.7.1","MIT","false","false",""
"node_modules/bl/node_modules/readable-stream","readable-stream","3.6.2","MIT","false","false",""
"node_modules/body-parser","body-parser","2.3.0","MIT","false","false",""
"node_modules/body-parser/node_modules/content-type","content-type","2.1.0","MIT","false","false",""
"node_modules/boolbase","boolbase","1.0.0","ISC","true","false",""
"node_modules/bootstrap","bootstrap","4.6.2","MIT","false","false","This version of Bootstrap is no longer supported. Please upgrade to the latest version."
"node_modules/bootstrap-vue","bootstrap-vue","2.23.1","MIT","false","false",""
"node_modules/bootstrap-vue/node_modules/@nuxt/opencollective","@nuxt/opencollective","0.3.3","MIT","false","false",""
"node_modules/bootstrap-vue/node_modules/@vue/compiler-sfc","@vue/compiler-sfc","2.7.16","No declarada","false","false",""
"node_modules/bootstrap-vue/node_modules/consola","consola","2.15.3","MIT","false","false",""
"node_modules/bootstrap-vue/node_modules/portal-vue","portal-vue","2.1.7","MIT","false","false",""
"node_modules/bootstrap-vue/node_modules/prettier","prettier","2.8.8","MIT","false","true",""
"node_modules/bootstrap-vue/node_modules/vue","vue","2.7.16","MIT","false","false","Vue 2 has reached EOL and is no longer actively maintained. See https://v2.vuejs.org/eol/ for more details."
"node_modules/bootswatch","bootswatch","4.6.2","MIT","false","false",""
"node_modules/bowser","bowser","2.14.1","MIT","false","false",""
"node_modules/brace-expansion","brace-expansion","1.1.21","MIT","true","false",""
"node_modules/braces","braces","3.0.3","MIT","true","false",""
"node_modules/brotli","brotli","1.3.3","MIT","false","false",""
"node_modules/browser-sync-client","browser-sync-client","3.0.4","ISC","true","false",""
"node_modules/browserify-zlib","browserify-zlib","0.2.0","MIT","false","false",""
"node_modules/browserify-zlib/node_modules/pako","pako","1.0.11","(MIT AND Zlib)","false","false",""
"node_modules/browserslist","browserslist","4.28.2","MIT","true","false",""
"node_modules/bs-logger","bs-logger","0.2.6","MIT","true","false",""
"node_modules/bser","bser","2.1.1","Apache-2.0","true","false",""
"node_modules/buffer","buffer","6.0.3","MIT","false","false",""
"node_modules/buffer-equal-constant-time","buffer-equal-constant-time","1.0.1","BSD-3-Clause","false","false",""
"node_modules/buffer-from","buffer-from","1.1.2","MIT","true","false",""
"node_modules/busboy","busboy","1.6.0","No declarada","false","false",""
"node_modules/bytes","bytes","3.1.2","MIT","false","false",""
"node_modules/cac","cac","6.7.14","MIT","true","false",""
"node_modules/call-bind","call-bind","1.0.9","MIT","false","false",""
"node_modules/call-bind-apply-helpers","call-bind-apply-helpers","1.0.2","MIT","false","false",""
"node_modules/call-bound","call-bound","1.0.4","MIT","false","false",""
"node_modules/callsites","callsites","3.1.0","MIT","true","false",""
"node_modules/camelcase","camelcase","5.3.1","MIT","false","false",""
"node_modules/caniuse-lite","caniuse-lite","1.0.30001791","CC-BY-4.0","true","false",""
"node_modules/canvg","canvg","3.0.11","MIT","false","true",""
"node_modules/chai","chai","5.3.3","MIT","true","false",""
"node_modules/chalk","chalk","4.1.2","MIT","false","false",""
"node_modules/char-regex","char-regex","1.0.2","MIT","true","false",""
"node_modules/chardet","chardet","2.1.1","MIT","true","false",""
"node_modules/chart.js","chart.js","4.5.1","MIT","false","false",""
"node_modules/check-error","check-error","2.1.3","MIT","true","false",""
"node_modules/chevrotain","chevrotain","11.0.3","Apache-2.0","true","false",""
"node_modules/chevrotain-allstar","chevrotain-allstar","0.3.1","MIT","true","false",""
"node_modules/chokidar","chokidar","3.6.0","MIT","true","false",""
"node_modules/chokidar/node_modules/glob-parent","glob-parent","5.1.2","ISC","true","false",""
"node_modules/chownr","chownr","2.0.0","ISC","true","false",""
"node_modules/ci-info","ci-info","3.9.0","MIT","true","false",""
"node_modules/cjs-module-lexer","cjs-module-lexer","1.4.3","MIT","true","false",""
"node_modules/class-transformer","class-transformer","0.5.1","MIT","false","false",""
"node_modules/class-validator","class-validator","0.14.1","MIT","false","false",""
"node_modules/clean-stack","clean-stack","2.2.0","MIT","true","false",""
"node_modules/cli-cursor","cli-cursor","5.0.0","MIT","true","false",""
"node_modules/cli-spinners","cli-spinners","2.9.2","MIT","true","false",""
"node_modules/cli-table","cli-table","0.3.11","No declarada","true","false",""
"node_modules/cli-width","cli-width","4.1.0","ISC","true","false",""
"node_modules/cliui","cliui","8.0.1","ISC","false","false",""
"node_modules/cliui/node_modules/wrap-ansi","wrap-ansi","7.0.0","MIT","false","false",""
"node_modules/clone","clone","2.1.2","MIT","false","false",""
"node_modules/cmd-shim","cmd-shim","6.0.3","ISC","true","false",""
"node_modules/co","co","4.6.0","MIT","true","false",""
"node_modules/collect-v8-coverage","collect-v8-coverage","1.0.3","MIT","true","false",""
"node_modules/color-convert","color-convert","2.0.1","MIT","false","false",""
"node_modules/color-name","color-name","1.1.4","MIT","false","false",""
"node_modules/colors","colors","1.0.3","MIT","true","false",""
"node_modules/combined-stream","combined-stream","1.0.8","MIT","false","false",""
"node_modules/commander","commander","13.1.0","MIT","true","false",""
"node_modules/common-ancestor-path","common-ancestor-path","1.0.1","ISC","true","false",""
"node_modules/commondir","commondir","1.0.1","MIT","true","false",""
"node_modules/component-emitter","component-emitter","1.3.1","MIT","true","false",""
"node_modules/concat-map","concat-map","0.0.1","MIT","true","false",""
"node_modules/concurrently","concurrently","9.1.2","MIT","true","false",""
"node_modules/concurrently/node_modules/supports-color","supports-color","8.1.1","MIT","true","false",""
"node_modules/config-chain","config-chain","1.1.13","MIT","true","false",""
"node_modules/content-disposition","content-disposition","1.1.0","MIT","false","false",""
"node_modules/content-type","content-type","1.0.5","MIT","false","false",""
"node_modules/convert-source-map","convert-source-map","2.0.0","MIT","true","false",""
"node_modules/cookie","cookie","0.7.2","MIT","false","false",""
"node_modules/cookie-signature","cookie-signature","1.2.2","MIT","false","false",""
"node_modules/cookiejar","cookiejar","2.1.4","MIT","true","false",""
"node_modules/copy-anything","copy-anything","4.0.5","MIT","false","false",""
"node_modules/core-js","core-js","3.49.0","MIT","false","true",""
"node_modules/cors","cors","2.8.6","MIT","false","false",""
"node_modules/create-jest","create-jest","29.7.0","MIT","true","false",""
"node_modules/create-require","create-require","1.1.1","MIT","false","false",""
"node_modules/cron","cron","4.4.0","MIT","false","false",""
"node_modules/cross-spawn","cross-spawn","7.0.6","MIT","false","false",""
"node_modules/css-line-break","css-line-break","2.1.0","MIT","false","true",""
"node_modules/cssesc","cssesc","3.0.0","MIT","true","false",""
"node_modules/csstype","csstype","3.2.3","MIT","false","false",""
"node_modules/cuint","cuint","0.2.2","MIT","true","false",""
"node_modules/data-view-buffer","data-view-buffer","1.0.2","MIT","true","false",""
"node_modules/data-view-byte-length","data-view-byte-length","1.0.2","MIT","true","false",""
"node_modules/data-view-byte-offset","data-view-byte-offset","1.0.1","MIT","true","false",""
"node_modules/date-fns","date-fns","4.1.0","MIT","false","false",""
"node_modules/dateformat","dateformat","5.0.3","MIT","true","false",""
"node_modules/dayjs","dayjs","1.11.13","MIT","false","false",""
"node_modules/debug","debug","4.4.3","MIT","false","false",""
"node_modules/decamelize","decamelize","1.2.0","MIT","false","false",""
"node_modules/decompress-response","decompress-response","6.0.0","MIT","false","false",""
"node_modules/dedent","dedent","1.7.2","MIT","false","false",""
"node_modules/deep-eql","deep-eql","5.0.2","MIT","true","false",""
"node_modules/deep-extend","deep-extend","0.6.0","MIT","false","false",""
"node_modules/deep-is","deep-is","0.1.4","MIT","true","false",""
"node_modules/deepmerge","deepmerge","4.3.1","MIT","false","false",""
"node_modules/define-data-property","define-data-property","1.1.4","MIT","false","false",""
"node_modules/define-properties","define-properties","1.2.1","MIT","true","false",""
"node_modules/delayed-stream","delayed-stream","1.0.0","MIT","false","false",""
"node_modules/depd","depd","2.0.0","MIT","false","false",""
"node_modules/detect-indent","detect-indent","7.0.2","MIT","true","false",""
"node_modules/detect-libc","detect-libc","2.1.2","Apache-2.0","false","false",""
"node_modules/detect-newline","detect-newline","3.1.0","MIT","true","false",""
"node_modules/dezalgo","dezalgo","1.0.4","ISC","true","false",""
"node_modules/dfa","dfa","1.2.0","MIT","false","false",""
"node_modules/didyoumean","didyoumean","1.2.2","Apache-2.0","true","false",""
"node_modules/diff","diff","7.0.0","BSD-3-Clause","true","false",""
"node_modules/diff-sequences","diff-sequences","29.6.3","MIT","true","false",""
"node_modules/dijkstrajs","dijkstrajs","1.0.3","MIT","false","false",""
"node_modules/dockerfile-ast","dockerfile-ast","0.7.0","MIT","true","false",""
"node_modules/doctrine","doctrine","3.0.0","Apache-2.0","true","false",""
"node_modules/dompurify","dompurify","3.4.16","(MPL-2.0 OR Apache-2.0)","false","true",""
"node_modules/dot-properties","dot-properties","1.1.0","MIT","true","false",""
"node_modules/dotenv","dotenv","16.4.7","BSD-2-Clause","false","false",""
"node_modules/drange","drange","1.1.1","MIT","true","false",""
"node_modules/dunder-proto","dunder-proto","1.0.1","MIT","false","false",""
"node_modules/duplexer","duplexer","0.1.2","MIT","true","false",""
"node_modules/eastasianwidth","eastasianwidth","0.2.0","MIT","false","false",""
"node_modules/ecdsa-sig-formatter","ecdsa-sig-formatter","1.0.11","Apache-2.0","false","false",""
"node_modules/editions","editions","6.22.0","Artistic-2.0","true","false",""
"node_modules/editorconfig","editorconfig","1.0.7","MIT","true","false",""
"node_modules/editorconfig/node_modules/brace-expansion","brace-expansion","2.1.7","MIT","true","false",""
"node_modules/editorconfig/node_modules/commander","commander","10.0.1","MIT","true","false",""
"node_modules/editorconfig/node_modules/minimatch","minimatch","9.0.9","ISC","true","false",""
"node_modules/ee-first","ee-first","1.1.1","MIT","false","false",""
"node_modules/ejs","ejs","3.1.10","Apache-2.0","true","false",""
"node_modules/electron-to-chromium","electron-to-chromium","1.5.346","ISC","true","false",""
"node_modules/emittery","emittery","0.13.1","MIT","true","false",""
"node_modules/emoji-regex","emoji-regex","8.0.0","MIT","false","false",""
"node_modules/encodeurl","encodeurl","2.0.0","MIT","false","false",""
"node_modules/encoding","encoding","0.1.13","MIT","false","true",""
"node_modules/encoding/node_modules/iconv-lite","iconv-lite","0.6.3","MIT","false","true",""
"node_modules/end-of-stream","end-of-stream","1.4.5","MIT","false","false",""
"node_modules/engine.io","engine.io","6.6.11","MIT","false","false",""
"node_modules/engine.io-client","engine.io-client","6.6.7","MIT","false","false",""
"node_modules/engine.io-parser","engine.io-parser","5.2.3","MIT","false","false",""
"node_modules/engine.io/node_modules/accepts","accepts","1.3.8","MIT","false","false",""
"node_modules/engine.io/node_modules/mime-db","mime-db","1.52.0","MIT","false","false",""
"node_modules/engine.io/node_modules/mime-types","mime-types","2.1.35","MIT","false","false",""
"node_modules/engine.io/node_modules/negotiator","negotiator","0.6.3","MIT","false","false",""
"node_modules/entities","entities","4.5.0","BSD-2-Clause","false","false",""
"node_modules/env-paths","env-paths","2.2.1","MIT","false","false",""
"node_modules/err-code","err-code","2.0.3","MIT","true","false",""
"node_modules/error-ex","error-ex","1.3.4","MIT","true","false",""
"node_modules/es-abstract","es-abstract","1.24.2","MIT","true","false",""
"node_modules/es-define-property","es-define-property","1.0.1","MIT","false","false",""
"node_modules/es-errors","es-errors","1.3.0","MIT","false","false",""
"node_modules/es-module-lexer","es-module-lexer","1.7.0","MIT","true","false",""
"node_modules/es-object-atoms","es-object-atoms","1.1.1","MIT","false","false",""
"node_modules/es-set-tostringtag","es-set-tostringtag","2.1.0","MIT","false","false",""
"node_modules/es-shim-unscopables","es-shim-unscopables","1.1.0","MIT","true","false",""
"node_modules/es-to-primitive","es-to-primitive","1.3.0","MIT","true","false",""
"node_modules/esbuild","esbuild","0.25.12","MIT","true","false",""
"node_modules/escalade","escalade","3.2.0","MIT","false","false",""
"node_modules/escape-html","escape-html","1.0.3","MIT","false","false",""
"node_modules/escape-string-regexp","escape-string-regexp","4.0.0","MIT","true","false",""
"node_modules/eslint","eslint","9.14.0","MIT","true","false",""
"node_modules/eslint-config-prettier","eslint-config-prettier","10.1.1","MIT","true","false",""
"node_modules/eslint-import-resolver-node","eslint-import-resolver-node","0.3.10","MIT","true","false",""
"node_modules/eslint-import-resolver-node/node_modules/debug","debug","3.2.7","MIT","true","false",""
"node_modules/eslint-plugin-import-x","eslint-plugin-import-x","4.9.4","MIT","true","false",""
"node_modules/eslint-plugin-import-x/node_modules/balanced-match","balanced-match","4.0.4","MIT","true","false",""
"node_modules/eslint-plugin-import-x/node_modules/brace-expansion","brace-expansion","5.0.12","MIT","true","false",""
"node_modules/eslint-plugin-import-x/node_modules/minimatch","minimatch","10.2.5","BlueOak-1.0.0","true","false",""
"node_modules/eslint-plugin-prettier","eslint-plugin-prettier","5.2.5","MIT","true","false",""
"node_modules/eslint-plugin-unused-imports","eslint-plugin-unused-imports","4.1.4","MIT","true","false",""
"node_modules/eslint-plugin-vue","eslint-plugin-vue","10.0.0","MIT","true","false",""
"node_modules/eslint-scope","eslint-scope","8.4.0","BSD-2-Clause","true","false",""
"node_modules/eslint-visitor-keys","eslint-visitor-keys","4.2.1","Apache-2.0","true","false",""
"node_modules/eslint/node_modules/@eslint/config-array","@eslint/config-array","0.18.0","Apache-2.0","true","false",""
"node_modules/eslint/node_modules/@eslint/core","@eslint/core","0.7.0","Apache-2.0","true","false",""
"node_modules/eslint/node_modules/@eslint/js","@eslint/js","9.14.0","MIT","true","false",""
"node_modules/espree","espree","10.4.0","BSD-2-Clause","true","false",""
"node_modules/esprima","esprima","4.0.1","BSD-2-Clause","true","false",""
"node_modules/esquery","esquery","1.7.0","BSD-3-Clause","true","false",""
"node_modules/esrecurse","esrecurse","4.3.0","BSD-2-Clause","true","false",""
"node_modules/estraverse","estraverse","5.3.0","BSD-2-Clause","true","false",""
"node_modules/estree-walker","estree-walker","2.0.2","MIT","false","false",""
"node_modules/esutils","esutils","2.0.3","BSD-2-Clause","true","false",""
"node_modules/etag","etag","1.8.1","MIT","false","false",""
"node_modules/event-stream","event-stream","3.3.4","MIT","true","false",""
"node_modules/eventemitter3","eventemitter3","5.0.4","MIT","true","false",""
"node_modules/events-universal","events-universal","1.0.1","Apache-2.0","true","false",""
"node_modules/execa","execa","9.5.2","MIT","true","false",""
"node_modules/exit","exit","0.1.2","No declarada","true","false",""
"node_modules/expand-template","expand-template","2.0.3","(MIT OR WTFPL)","false","false",""
"node_modules/expect","expect","29.7.0","MIT","true","false",""
"node_modules/expect-type","expect-type","1.3.0","Apache-2.0","true","false",""
"node_modules/exponential-backoff","exponential-backoff","3.1.3","Apache-2.0","false","false",""
"node_modules/express","express","5.2.1","MIT","false","false",""
"node_modules/express/node_modules/fresh","fresh","2.0.0","MIT","false","false",""
"node_modules/fast-content-type-parse","fast-content-type-parse","2.0.1","MIT","true","false",""
"node_modules/fast-deep-equal","fast-deep-equal","3.1.3","MIT","false","false",""
"node_modules/fast-diff","fast-diff","1.3.0","Apache-2.0","true","false",""
"node_modules/fast-fifo","fast-fifo","1.3.2","MIT","true","false",""
"node_modules/fast-glob","fast-glob","3.3.3","MIT","true","false",""
"node_modules/fast-glob/node_modules/glob-parent","glob-parent","5.1.2","ISC","true","false",""
"node_modules/fast-json-stable-stringify","fast-json-stable-stringify","2.1.0","MIT","true","false",""
"node_modules/fast-levenshtein","fast-levenshtein","2.0.6","MIT","true","false",""
"node_modules/fast-png","fast-png","6.4.0","MIT","false","false",""
"node_modules/fast-safe-stringify","fast-safe-stringify","2.1.1","MIT","false","false",""
"node_modules/fast-xml-builder","fast-xml-builder","1.2.0","MIT","false","false",""
"node_modules/fast-xml-parser","fast-xml-parser","5.0.9","MIT","true","false",""
"node_modules/fastq","fastq","1.20.1","ISC","true","false",""
"node_modules/fb-watchman","fb-watchman","2.0.2","Apache-2.0","true","false",""
"node_modules/fflate","fflate","0.8.3","MIT","false","false",""
"node_modules/figures","figures","6.1.0","MIT","true","false",""
"node_modules/file-entry-cache","file-entry-cache","8.0.0","MIT","true","false",""
"node_modules/file-type","file-type","21.3.4","MIT","false","false",""
"node_modules/file-uri-to-path","file-uri-to-path","1.0.0","MIT","false","false",""
"node_modules/filelist","filelist","1.0.6","Apache-2.0","true","false",""
"node_modules/filelist/node_modules/brace-expansion","brace-expansion","2.1.7","MIT","true","false",""
"node_modules/filelist/node_modules/minimatch","minimatch","5.1.9","ISC","true","false",""
"node_modules/fill-range","fill-range","7.1.1","MIT","true","false",""
"node_modules/finalhandler","finalhandler","2.1.1","MIT","false","false",""
"node_modules/find-up","find-up","5.0.0","MIT","true","false",""
"node_modules/find-up-simple","find-up-simple","1.0.1","MIT","true","false",""
"node_modules/first-chunk-stream","first-chunk-stream","5.0.0","MIT","true","false",""
"node_modules/flat-cache","flat-cache","4.0.1","MIT","true","false",""
"node_modules/flatted","flatted","3.4.2","ISC","true","false",""
"node_modules/flush-promises","flush-promises","1.0.2","MIT","true","false",""
"node_modules/fly-import","fly-import","0.4.1","No declarada","true","false",""
"node_modules/fly-import/node_modules/env-paths","env-paths","3.0.0","MIT","true","false",""
"node_modules/follow-redirects","follow-redirects","1.16.0","MIT","false","false",""
"node_modules/fontkit","fontkit","2.0.4","MIT","false","false",""
"node_modules/for-each","for-each","0.3.5","MIT","false","false",""
"node_modules/foreground-child","foreground-child","3.3.1","ISC","false","false",""
"node_modules/form-data","form-data","4.0.6","MIT","false","false",""
"node_modules/form-data/node_modules/mime-db","mime-db","1.52.0","MIT","false","false",""
"node_modules/form-data/node_modules/mime-types","mime-types","2.1.35","MIT","false","false",""
"node_modules/formidable","formidable","3.5.4","MIT","true","false",""
"node_modules/forwarded","forwarded","0.2.0","MIT","false","false",""
"node_modules/fraction.js","fraction.js","4.3.7","MIT","true","false",""
"node_modules/fresh","fresh","0.5.2","MIT","true","false",""
"node_modules/from","from","0.1.7","MIT","true","false",""
"node_modules/fs-constants","fs-constants","1.0.0","MIT","false","false",""
"node_modules/fs-extra","fs-extra","11.2.0","MIT","true","false",""
"node_modules/fs-minipass","fs-minipass","2.1.0","ISC","true","false",""
"node_modules/fs-minipass/node_modules/minipass","minipass","3.3.6","ISC","true","false",""
"node_modules/fs-minipass/node_modules/yallist","yallist","4.0.0","ISC","true","false",""
"node_modules/fs.realpath","fs.realpath","1.0.0","ISC","true","false",""
"node_modules/fsevents","fsevents","2.3.3","MIT","true","true",""
"node_modules/function-bind","function-bind","1.1.2","MIT","false","false",""
"node_modules/function.prototype.name","function.prototype.name","1.1.8","MIT","true","false",""
"node_modules/functions-have-names","functions-have-names","1.2.3","MIT","true","false",""
"node_modules/generator-function","generator-function","2.0.1","MIT","true","false",""
"node_modules/generator-jhipster","generator-jhipster","8.10.0","Apache-2.0","true","false",""
"node_modules/generator-jhipster-nodejs","generator-jhipster-nodejs","3.2.0","Apache-2.0","true","false",""
"node_modules/generator-jhipster-nodejs/node_modules/chalk","chalk","5.6.2","MIT","true","false",""
"node_modules/generator-jhipster/node_modules/chalk","chalk","5.4.1","MIT","true","false",""
"node_modules/generator-jhipster/node_modules/debug","debug","4.4.0","MIT","true","false",""
"node_modules/generator-jhipster/node_modules/eslint","eslint","9.23.0","MIT","true","false",""
"node_modules/generator-jhipster/node_modules/eslint/node_modules/chalk","chalk","4.1.2","MIT","true","false",""
"node_modules/generator-jhipster/node_modules/eslint/node_modules/minimatch","minimatch","3.1.5","ISC","true","false",""
"node_modules/generator-jhipster/node_modules/minimatch","minimatch","9.0.5","ISC","true","false",""
"node_modules/generator-jhipster/node_modules/minimatch/node_modules/brace-expansion","brace-expansion","2.1.7","MIT","true","false",""
"node_modules/generator-jhipster/node_modules/semver","semver","7.7.1","ISC","true","false",""
"node_modules/generator-jhipster/node_modules/typescript","typescript","5.8.2","Apache-2.0","true","false",""
"node_modules/gensync","gensync","1.0.0-beta.2","MIT","true","false",""
"node_modules/get-caller-file","get-caller-file","2.0.5","ISC","false","false",""
"node_modules/get-east-asian-width","get-east-asian-width","1.5.0","MIT","true","false",""
"node_modules/get-intrinsic","get-intrinsic","1.3.0","MIT","false","false",""
"node_modules/get-package-type","get-package-type","0.1.0","MIT","true","false",""
"node_modules/get-proto","get-proto","1.0.1","MIT","false","false",""
"node_modules/get-stdin","get-stdin","9.0.0","MIT","true","false",""
"node_modules/get-stream","get-stream","9.0.1","MIT","true","false",""
"node_modules/get-symbol-description","get-symbol-description","1.1.0","MIT","true","false",""
"node_modules/get-tsconfig","get-tsconfig","4.14.0","MIT","true","false",""
"node_modules/git-hooks-list","git-hooks-list","3.2.0","MIT","true","false",""
"node_modules/github-from-package","github-from-package","0.0.0","MIT","false","false",""
"node_modules/github-username","github-username","9.0.0","MIT","true","false",""
"node_modules/glob","glob","11.0.1","ISC","true","false","Old versions of glob are not supported, and contain widely publicized security vulnerabilities, which have been fixed in the current version. Please update. Support for old versions may be purchased (at exorbitant rates) by contacting i@izs.me"
"node_modules/glob-parent","glob-parent","6.0.2","ISC","true","false",""
"node_modules/glob/node_modules/balanced-match","balanced-match","4.0.4","MIT","true","false",""
"node_modules/glob/node_modules/brace-expansion","brace-expansion","5.0.12","MIT","true","false",""
"node_modules/glob/node_modules/minimatch","minimatch","10.2.5","BlueOak-1.0.0","true","false",""
"node_modules/globals","globals","16.0.0","MIT","true","false",""
"node_modules/globalthis","globalthis","1.0.4","MIT","true","false",""
"node_modules/globby","globby","14.1.0","MIT","true","false",""
"node_modules/globby/node_modules/@sindresorhus/merge-streams","@sindresorhus/merge-streams","2.3.0","MIT","true","false",""
"node_modules/globby/node_modules/ignore","ignore","7.0.5","MIT","true","false",""
"node_modules/gopd","gopd","1.2.0","MIT","false","false",""
"node_modules/graceful-fs","graceful-fs","4.2.11","ISC","false","false",""
"node_modules/graphemer","graphemer","1.4.0","MIT","true","false",""
"node_modules/grouped-queue","grouped-queue","2.1.0","MIT","true","false",""
"node_modules/happy-dom","happy-dom","17.4.4","MIT","true","false",""
"node_modules/has-bigints","has-bigints","1.1.0","MIT","true","false",""
"node_modules/has-flag","has-flag","4.0.0","MIT","false","false",""
"node_modules/has-property-descriptors","has-property-descriptors","1.0.2","MIT","false","false",""
"node_modules/has-proto","has-proto","1.2.0","MIT","true","false",""
"node_modules/has-symbols","has-symbols","1.1.0","MIT","false","false",""
"node_modules/has-tostringtag","has-tostringtag","1.0.2","MIT","false","false",""
"node_modules/hasown","hasown","2.0.4","MIT","false","false",""
"node_modules/hookable","hookable","5.5.3","MIT","false","false",""
"node_modules/hosted-git-info","hosted-git-info","7.0.2","ISC","true","false",""
"node_modules/hosted-git-info/node_modules/lru-cache","lru-cache","10.4.3","ISC","true","false",""
"node_modules/hpagent","hpagent","1.2.0","MIT","true","false",""
"node_modules/html-escaper","html-escaper","2.0.2","MIT","true","false",""
"node_modules/html2canvas","html2canvas","1.4.1","MIT","false","true",""
"node_modules/http-cache-semantics","http-cache-semantics","4.2.0","BSD-2-Clause","true","false",""
"node_modules/http-errors","http-errors","2.0.1","MIT","false","false",""
"node_modules/https-proxy-agent","https-proxy-agent","5.0.1","MIT","false","false",""
"node_modules/human-signals","human-signals","8.0.1","Apache-2.0","true","false",""
"node_modules/iconv-lite","iconv-lite","0.7.2","MIT","false","false",""
"node_modules/ieee754","ieee754","1.2.1","BSD-3-Clause","false","false",""
"node_modules/ignore","ignore","5.3.2","MIT","true","false",""
"node_modules/ignore-by-default","ignore-by-default","1.0.1","ISC","true","false",""
"node_modules/ignore-walk","ignore-walk","6.0.5","ISC","true","false",""
"node_modules/ignore-walk/node_modules/brace-expansion","brace-expansion","2.1.7","MIT","true","false",""
"node_modules/ignore-walk/node_modules/minimatch","minimatch","9.0.9","ISC","true","false",""
"node_modules/immutable","immutable","4.3.8","MIT","true","false",""
"node_modules/import-fresh","import-fresh","3.3.1","MIT","true","false",""
"node_modules/import-local","import-local","3.2.0","MIT","true","false",""
"node_modules/imurmurhash","imurmurhash","0.1.4","MIT","true","false",""
"node_modules/indent-string","indent-string","4.0.0","MIT","true","false",""
"node_modules/index-to-position","index-to-position","1.2.0","MIT","true","false",""
"node_modules/inflight","inflight","1.0.6","ISC","true","false","This module is not supported, and leaks memory. Do not use it. Check out lru-cache if you want a good and tested way to coalesce async requests by a key value, which is much more comprehensive and powerful."
"node_modules/inherits","inherits","2.0.4","ISC","false","false",""
"node_modules/ini","ini","1.3.8","ISC","false","false",""
"node_modules/inquirer","inquirer","12.11.1","MIT","true","false",""
"node_modules/internal-slot","internal-slot","1.1.0","MIT","true","false",""
"node_modules/invert-kv","invert-kv","3.0.1","MIT","true","false",""
"node_modules/iobuffer","iobuffer","5.4.0","MIT","false","false",""
"node_modules/ip-address","ip-address","10.1.1","MIT","true","false",""
"node_modules/ipaddr.js","ipaddr.js","1.9.1","MIT","false","false",""
"node_modules/is-array-buffer","is-array-buffer","3.0.5","MIT","true","false",""
"node_modules/is-arrayish","is-arrayish","0.2.1","MIT","true","false",""
"node_modules/is-async-function","is-async-function","2.1.1","MIT","true","false",""
"node_modules/is-bigint","is-bigint","1.1.0","MIT","true","false",""
"node_modules/is-binary-path","is-binary-path","2.1.0","MIT","true","false",""
"node_modules/is-boolean-object","is-boolean-object","1.2.2","MIT","true","false",""
"node_modules/is-buffer","is-buffer","2.0.5","MIT","true","false",""
"node_modules/is-callable","is-callable","1.2.7","MIT","false","false",""
"node_modules/is-core-module","is-core-module","2.16.1","MIT","true","false",""
"node_modules/is-data-view","is-data-view","1.0.2","MIT","true","false",""
"node_modules/is-date-object","is-date-object","1.1.0","MIT","true","false",""
"node_modules/is-extglob","is-extglob","2.1.1","MIT","true","false",""
"node_modules/is-finalizationregistry","is-finalizationregistry","1.1.1","MIT","true","false",""
"node_modules/is-fullwidth-code-point","is-fullwidth-code-point","3.0.0","MIT","false","false",""
"node_modules/is-generator-fn","is-generator-fn","2.1.0","MIT","true","false",""
"node_modules/is-generator-function","is-generator-function","1.1.2","MIT","true","false",""
"node_modules/is-glob","is-glob","4.0.3","MIT","true","false",""
"node_modules/is-interactive","is-interactive","2.0.0","MIT","true","false",""
"node_modules/is-lambda","is-lambda","1.0.1","MIT","true","false",""
"node_modules/is-map","is-map","2.0.3","MIT","true","false",""
"node_modules/is-negative-zero","is-negative-zero","2.0.3","MIT","true","false",""
"node_modules/is-number","is-number","7.0.0","MIT","true","false",""
"node_modules/is-number-object","is-number-object","1.1.1","MIT","true","false",""
"node_modules/is-plain-obj","is-plain-obj","4.1.0","MIT","true","false",""
"node_modules/is-promise","is-promise","4.0.0","MIT","false","false",""
"node_modules/is-regex","is-regex","1.2.1","MIT","true","false",""
"node_modules/is-set","is-set","2.0.3","MIT","true","false",""
"node_modules/is-shared-array-buffer","is-shared-array-buffer","1.0.4","MIT","true","false",""
"node_modules/is-stream","is-stream","4.0.1","MIT","true","false",""
"node_modules/is-string","is-string","1.1.1","MIT","true","false",""
"node_modules/is-symbol","is-symbol","1.1.1","MIT","true","false",""
"node_modules/is-typed-array","is-typed-array","1.1.15","MIT","false","false",""
"node_modules/is-unicode-supported","is-unicode-supported","2.1.0","MIT","true","false",""
"node_modules/is-utf8","is-utf8","0.2.1","MIT","true","false",""
"node_modules/is-weakmap","is-weakmap","2.0.2","MIT","true","false",""
"node_modules/is-weakref","is-weakref","1.1.1","MIT","true","false",""
"node_modules/is-weakset","is-weakset","2.0.4","MIT","true","false",""
"node_modules/is-what","is-what","5.5.0","MIT","false","false",""
"node_modules/isbinaryfile","isbinaryfile","5.0.4","MIT","true","false",""
"node_modules/isexe","isexe","2.0.0","ISC","false","false",""
"node_modules/istanbul-lib-coverage","istanbul-lib-coverage","3.2.2","BSD-3-Clause","true","false",""
"node_modules/istanbul-lib-instrument","istanbul-lib-instrument","6.0.3","BSD-3-Clause","true","false",""
"node_modules/istanbul-lib-report","istanbul-lib-report","3.0.1","BSD-3-Clause","true","false",""
"node_modules/istanbul-lib-report/node_modules/make-dir","make-dir","4.0.0","MIT","true","false",""
"node_modules/istanbul-lib-source-maps","istanbul-lib-source-maps","5.0.6","BSD-3-Clause","true","false",""
"node_modules/istanbul-reports","istanbul-reports","3.2.0","BSD-3-Clause","true","false",""
"node_modules/iterare","iterare","1.2.1","ISC","false","false",""
"node_modules/jackspeak","jackspeak","4.2.3","BlueOak-1.0.0","true","false",""
"node_modules/jake","jake","10.9.4","Apache-2.0","true","false",""
"node_modules/jake/node_modules/async","async","3.2.6","MIT","true","false",""
"node_modules/java-lint","java-lint","0.3.0","MIT","true","false",""
"node_modules/java-parser","java-parser","2.3.4","Apache-2.0","true","false",""
"node_modules/jest","jest","29.7.0","MIT","true","false",""
"node_modules/jest-changed-files","jest-changed-files","29.7.0","MIT","true","false",""
"node_modules/jest-changed-files/node_modules/execa","execa","5.1.1","MIT","true","false",""
"node_modules/jest-changed-files/node_modules/get-stream","get-stream","6.0.1","MIT","true","false",""
"node_modules/jest-changed-files/node_modules/human-signals","human-signals","2.1.0","Apache-2.0","true","false",""
"node_modules/jest-changed-files/node_modules/is-stream","is-stream","2.0.1","MIT","true","false",""
"node_modules/jest-changed-files/node_modules/npm-run-path","npm-run-path","4.0.1","MIT","true","false",""
"node_modules/jest-changed-files/node_modules/onetime","onetime","5.1.2","MIT","true","false",""
"node_modules/jest-changed-files/node_modules/signal-exit","signal-exit","3.0.7","ISC","true","false",""
"node_modules/jest-changed-files/node_modules/strip-final-newline","strip-final-newline","2.0.0","MIT","true","false",""
"node_modules/jest-circus","jest-circus","29.7.0","MIT","true","false",""
"node_modules/jest-circus/node_modules/slash","slash","3.0.0","MIT","true","false",""
"node_modules/jest-cli","jest-cli","29.7.0","MIT","true","false",""
"node_modules/jest-config","jest-config","29.7.0","MIT","true","false",""
"node_modules/jest-config/node_modules/glob","glob","7.2.3","ISC","true","false","Old versions of glob are not supported, and contain widely publicized security vulnerabilities, which have been fixed in the current version. Please update. Support for old versions may be purchased (at exorbitant rates) by contacting i@izs.me"
"node_modules/jest-config/node_modules/slash","slash","3.0.0","MIT","true","false",""
"node_modules/jest-diff","jest-diff","29.7.0","MIT","true","false",""
"node_modules/jest-docblock","jest-docblock","29.7.0","MIT","true","false",""
"node_modules/jest-each","jest-each","29.7.0","MIT","true","false",""
"node_modules/jest-environment-node","jest-environment-node","29.7.0","MIT","true","false",""
"node_modules/jest-get-type","jest-get-type","29.6.3","MIT","true","false",""
"node_modules/jest-haste-map","jest-haste-map","29.7.0","MIT","true","false",""
"node_modules/jest-leak-detector","jest-leak-detector","29.7.0","MIT","true","false",""
"node_modules/jest-matcher-utils","jest-matcher-utils","29.7.0","MIT","true","false",""
"node_modules/jest-message-util","jest-message-util","29.7.0","MIT","true","false",""
"node_modules/jest-message-util/node_modules/slash","slash","3.0.0","MIT","true","false",""
"node_modules/jest-mock","jest-mock","29.7.0","MIT","true","false",""
"node_modules/jest-pnp-resolver","jest-pnp-resolver","1.2.3","MIT","true","false",""
"node_modules/jest-regex-util","jest-regex-util","29.6.3","MIT","true","false",""
"node_modules/jest-resolve","jest-resolve","29.7.0","MIT","true","false",""
"node_modules/jest-resolve-dependencies","jest-resolve-dependencies","29.7.0","MIT","true","false",""
"node_modules/jest-resolve/node_modules/resolve","resolve","1.22.12","MIT","true","false",""
"node_modules/jest-resolve/node_modules/slash","slash","3.0.0","MIT","true","false",""
"node_modules/jest-runner","jest-runner","29.7.0","MIT","true","false",""
"node_modules/jest-runtime","jest-runtime","29.7.0","MIT","true","false",""
"node_modules/jest-runtime/node_modules/glob","glob","7.2.3","ISC","true","false","Old versions of glob are not supported, and contain widely publicized security vulnerabilities, which have been fixed in the current version. Please update. Support for old versions may be purchased (at exorbitant rates) by contacting i@izs.me"
"node_modules/jest-runtime/node_modules/slash","slash","3.0.0","MIT","true","false",""
"node_modules/jest-snapshot","jest-snapshot","29.7.0","MIT","true","false",""
"node_modules/jest-util","jest-util","29.7.0","MIT","true","false",""
"node_modules/jest-validate","jest-validate","29.7.0","MIT","true","false",""
"node_modules/jest-validate/node_modules/camelcase","camelcase","6.3.0","MIT","true","false",""
"node_modules/jest-watcher","jest-watcher","29.7.0","MIT","true","false",""
"node_modules/jest-worker","jest-worker","29.7.0","MIT","true","false",""
"node_modules/jest-worker/node_modules/supports-color","supports-color","8.1.1","MIT","true","false",""
"node_modules/joi","joi","17.13.3","BSD-3-Clause","true","false",""
"node_modules/jquery","jquery","3.7.1","MIT","false","false",""
"node_modules/js-beautify","js-beautify","1.15.4","MIT","true","false",""
"node_modules/js-beautify/node_modules/@isaacs/cliui","@isaacs/cliui","8.0.2","ISC","true","false",""
"node_modules/js-beautify/node_modules/abbrev","abbrev","2.0.0","ISC","true","false",""
"node_modules/js-beautify/node_modules/ansi-regex","ansi-regex","6.2.2","MIT","true","false",""
"node_modules/js-beautify/node_modules/ansi-styles","ansi-styles","6.2.3","MIT","true","false",""
"node_modules/js-beautify/node_modules/brace-expansion","brace-expansion","2.1.7","MIT","true","false",""
"node_modules/js-beautify/node_modules/emoji-regex","emoji-regex","9.2.2","MIT","true","false",""
"node_modules/js-beautify/node_modules/glob","glob","10.5.0","ISC","true","false","Old versions of glob are not supported, and contain widely publicized security vulnerabilities, which have been fixed in the current version. Please update. Support for old versions may be purchased (at exorbitant rates) by contacting i@izs.me"
"node_modules/js-beautify/node_modules/jackspeak","jackspeak","3.4.3","BlueOak-1.0.0","true","false",""
"node_modules/js-beautify/node_modules/lru-cache","lru-cache","10.4.3","ISC","true","false",""
"node_modules/js-beautify/node_modules/minimatch","minimatch","9.0.9","ISC","true","false",""
"node_modules/js-beautify/node_modules/nopt","nopt","7.2.1","ISC","true","false",""
"node_modules/js-beautify/node_modules/path-scurry","path-scurry","1.11.1","BlueOak-1.0.0","true","false",""
"node_modules/js-beautify/node_modules/string-width","string-width","5.1.2","MIT","true","false",""
"node_modules/js-beautify/node_modules/strip-ansi","strip-ansi","7.2.0","MIT","true","false",""
"node_modules/js-beautify/node_modules/wrap-ansi","wrap-ansi","8.1.0","MIT","true","false",""
"node_modules/js-cookie","js-cookie","3.0.5","MIT","true","false",""
"node_modules/js-md5","js-md5","0.8.3","MIT","false","false",""
"node_modules/js-tokens","js-tokens","4.0.0","MIT","true","false",""
"node_modules/js-yaml","js-yaml","4.3.2","MIT","false","false",""
"node_modules/jsesc","jsesc","3.1.0","MIT","true","false",""
"node_modules/json-buffer","json-buffer","3.0.1","MIT","true","false",""
"node_modules/json-parse-even-better-errors","json-parse-even-better-errors","2.3.1","MIT","true","false",""
"node_modules/json-schema","json-schema","0.4.0","(AFL-2.1 OR BSD-3-Clause)","true","false",""
"node_modules/json-schema-traverse","json-schema-traverse","0.4.1","MIT","true","false",""
"node_modules/json-stable-stringify-without-jsonify","json-stable-stringify-without-jsonify","1.0.1","MIT","true","false",""
"node_modules/json-stringify-nice","json-stringify-nice","1.1.4","ISC","true","false",""
"node_modules/json5","json5","2.2.3","MIT","true","false",""
"node_modules/jsonfile","jsonfile","6.2.1","MIT","true","false",""
"node_modules/jsonparse","jsonparse","1.3.1","MIT","true","false",""
"node_modules/jsonwebtoken","jsonwebtoken","9.0.2","MIT","false","false",""
"node_modules/jspdf","jspdf","4.2.1","MIT","false","false",""
"node_modules/jspdf-autotable","jspdf-autotable","5.0.7","MIT","false","false",""
"node_modules/just-diff","just-diff","6.0.2","MIT","true","false",""
"node_modules/just-diff-apply","just-diff-apply","5.5.0","MIT","true","false",""
"node_modules/jwa","jwa","1.4.2","MIT","false","false",""
"node_modules/jws","jws","3.2.3","MIT","false","false",""
"node_modules/keyv","keyv","4.5.4","MIT","true","false",""
"node_modules/kleur","kleur","3.0.3","MIT","true","false",""
"node_modules/ky","ky","1.14.3","MIT","true","false",""
"node_modules/latest-version","latest-version","9.0.0","MIT","true","false",""
"node_modules/lcid","lcid","3.1.1","MIT","true","false",""
"node_modules/leven","leven","3.1.0","MIT","true","false",""
"node_modules/levn","levn","0.4.1","MIT","true","false",""
"node_modules/libphonenumber-js","libphonenumber-js","1.12.42","MIT","false","false",""
"node_modules/linebreak","linebreak","1.1.0","MIT","false","false",""
"node_modules/linebreak/node_modules/base64-js","base64-js","0.0.8","MIT","false","false",""
"node_modules/lines-and-columns","lines-and-columns","1.2.4","MIT","true","false",""
"node_modules/load-esm","load-esm","1.0.3","MIT","false","false",""
"node_modules/locate-path","locate-path","6.0.0","MIT","true","false",""
"node_modules/lodash","lodash","4.17.21","MIT","true","false",""
"node_modules/lodash-es","lodash-es","4.17.21","MIT","true","false",""
"node_modules/lodash.includes","lodash.includes","4.3.0","MIT","false","false",""
"node_modules/lodash.isboolean","lodash.isboolean","3.0.3","MIT","false","false",""
"node_modules/lodash.isinteger","lodash.isinteger","4.0.4","MIT","false","false",""
"node_modules/lodash.isnumber","lodash.isnumber","3.0.3","MIT","false","false",""
"node_modules/lodash.isplainobject","lodash.isplainobject","4.0.6","MIT","false","false",""
"node_modules/lodash.isstring","lodash.isstring","4.0.1","MIT","false","false",""
"node_modules/lodash.memoize","lodash.memoize","4.1.2","MIT","true","false",""
"node_modules/lodash.merge","lodash.merge","4.6.2","MIT","true","false",""
"node_modules/lodash.once","lodash.once","4.1.1","MIT","false","false",""
"node_modules/log-symbols","log-symbols","7.0.1","MIT","true","false",""
"node_modules/loupe","loupe","3.2.1","MIT","true","false",""
"node_modules/lru-cache","lru-cache","5.1.1","ISC","true","false",""
"node_modules/lucide-vue-next","lucide-vue-next","1.0.0","ISC","false","false",""
"node_modules/luxon","luxon","3.7.2","MIT","false","false",""
"node_modules/magic-string","magic-string","0.30.21","MIT","false","false",""
"node_modules/magicast","magicast","0.3.5","MIT","true","false",""
"node_modules/make-dir","make-dir","3.1.0","MIT","true","false",""
"node_modules/make-dir/node_modules/semver","semver","6.3.1","ISC","true","false",""
"node_modules/make-error","make-error","1.3.6","ISC","false","false",""
"node_modules/makeerror","makeerror","1.0.12","BSD-3-Clause","true","false",""
"node_modules/map-stream","map-stream","0.1.0","No declarada","true","false",""
"node_modules/math-intrinsics","math-intrinsics","1.1.0","MIT","false","false",""
"node_modules/media-typer","media-typer","1.1.0","MIT","false","false",""
"node_modules/mem-fs","mem-fs","4.1.2","MIT","true","false",""
"node_modules/mem-fs-editor","mem-fs-editor","11.1.4","MIT","true","false",""
"node_modules/mem-fs-editor/node_modules/brace-expansion","brace-expansion","2.1.7","MIT","true","false",""
"node_modules/mem-fs-editor/node_modules/minimatch","minimatch","9.0.9","ISC","true","false",""
"node_modules/merge-descriptors","merge-descriptors","2.0.0","MIT","false","false",""
"node_modules/merge-stream","merge-stream","2.0.0","MIT","true","false",""
"node_modules/merge2","merge2","1.4.1","MIT","true","false",""
"node_modules/methods","methods","1.1.2","MIT","true","false",""
"node_modules/micromatch","micromatch","4.0.8","MIT","true","false",""
"node_modules/mime","mime","2.5.2","MIT","true","false",""
"node_modules/mime-db","mime-db","1.54.0","MIT","false","false",""
"node_modules/mime-types","mime-types","3.0.2","MIT","false","false",""
"node_modules/mimic-fn","mimic-fn","2.1.0","MIT","true","false",""
"node_modules/mimic-function","mimic-function","5.0.1","MIT","true","false",""
"node_modules/mimic-response","mimic-response","3.1.0","MIT","false","false",""
"node_modules/minimatch","minimatch","3.1.5","ISC","true","false",""
"node_modules/minimist","minimist","1.2.8","MIT","false","false",""
"node_modules/minipass","minipass","7.1.3","BlueOak-1.0.0","false","false",""
"node_modules/minipass-flush","minipass-flush","1.0.7","BlueOak-1.0.0","true","false",""
"node_modules/minipass-flush/node_modules/minipass","minipass","3.3.6","ISC","true","false",""
"node_modules/minipass-flush/node_modules/yallist","yallist","4.0.0","ISC","true","false",""
"node_modules/minipass-pipeline","minipass-pipeline","1.2.4","ISC","true","false",""
"node_modules/minipass-pipeline/node_modules/minipass","minipass","3.3.6","ISC","true","false",""
"node_modules/minipass-pipeline/node_modules/yallist","yallist","4.0.0","ISC","true","false",""
"node_modules/minipass-sized","minipass-sized","1.0.3","ISC","true","false",""
"node_modules/minipass-sized/node_modules/minipass","minipass","3.3.6","ISC","true","false",""
"node_modules/minipass-sized/node_modules/yallist","yallist","4.0.0","ISC","true","false",""
"node_modules/minizlib","minizlib","2.1.2","MIT","true","false",""
"node_modules/minizlib/node_modules/minipass","minipass","3.3.6","ISC","true","false",""
"node_modules/minizlib/node_modules/yallist","yallist","4.0.0","ISC","true","false",""
"node_modules/mitt","mitt","1.2.0","MIT","true","false",""
"node_modules/mkdirp-classic","mkdirp-classic","0.5.3","MIT","false","false",""
"node_modules/ms","ms","2.1.3","MIT","false","false",""
"node_modules/multer","multer","2.4.0","MIT","false","false",""
"node_modules/multer/node_modules/media-typer","media-typer","0.3.0","MIT","false","false",""
"node_modules/multer/node_modules/mime-db","mime-db","1.52.0","MIT","false","false",""
"node_modules/multer/node_modules/mime-types","mime-types","2.1.35","MIT","false","false",""
"node_modules/multer/node_modules/type-is","type-is","1.6.18","MIT","false","false",""
"node_modules/multimatch","multimatch","7.0.0","MIT","true","false",""
"node_modules/multimatch/node_modules/brace-expansion","brace-expansion","2.1.7","MIT","true","false",""
"node_modules/multimatch/node_modules/minimatch","minimatch","9.0.9","ISC","true","false",""
"node_modules/mute-stream","mute-stream","2.0.0","ISC","true","false",""
"node_modules/nanoid","nanoid","3.3.19","MIT","false","false",""
"node_modules/napi-build-utils","napi-build-utils","2.0.0","MIT","false","false",""
"node_modules/napi-postinstall","napi-postinstall","0.3.4","MIT","true","false",""
"node_modules/natural-compare","natural-compare","1.4.0","MIT","true","false",""
"node_modules/negotiator","negotiator","1.0.0","MIT","false","false",""
"node_modules/node-abi","node-abi","3.89.0","MIT","false","false",""
"node_modules/node-addon-api","node-addon-api","8.9.2","MIT","false","false",""
"node_modules/node-cleanup","node-cleanup","2.1.2","MIT","true","false",""
"node_modules/node-exports-info","node-exports-info","1.6.0","MIT","true","false",""
"node_modules/node-exports-info/node_modules/semver","semver","6.3.1","ISC","true","false",""
"node_modules/node-fetch","node-fetch","2.7.0","MIT","false","false",""
"node_modules/node-forge","node-forge","1.4.0","(BSD-3-Clause OR GPL-2.0)","true","false",""
"node_modules/node-gyp-build","node-gyp-build","4.8.4","MIT","false","false",""
"node_modules/node-int64","node-int64","0.4.0","MIT","true","false",""
"node_modules/node-releases","node-releases","2.0.38","MIT","true","false",""
"node_modules/nodemon","nodemon","3.1.9","MIT","true","false",""
"node_modules/nodemon/node_modules/has-flag","has-flag","3.0.0","MIT","true","false",""
"node_modules/nodemon/node_modules/supports-color","supports-color","5.5.0","MIT","true","false",""
"node_modules/normalize-package-data","normalize-package-data","6.0.2","BSD-2-Clause","true","false",""
"node_modules/normalize-path","normalize-path","3.0.0","MIT","true","false",""
"node_modules/normalize-range","normalize-range","0.1.2","MIT","true","false",""
"node_modules/npm-bundled","npm-bundled","3.0.1","ISC","true","false",""
"node_modules/npm-install-checks","npm-install-checks","6.3.0","BSD-2-Clause","true","false",""
"node_modules/npm-normalize-package-bin","npm-normalize-package-bin","3.0.1","ISC","true","false",""
"node_modules/npm-package-arg","npm-package-arg","11.0.3","ISC","true","false",""
"node_modules/npm-packlist","npm-packlist","8.0.2","ISC","true","false",""
"node_modules/npm-pick-manifest","npm-pick-manifest","9.1.0","ISC","true","false",""
"node_modules/npm-registry-fetch","npm-registry-fetch","17.1.0","ISC","true","false",""
"node_modules/npm-registry-fetch/node_modules/@isaacs/cliui","@isaacs/cliui","8.0.2","ISC","true","false",""
"node_modules/npm-registry-fetch/node_modules/@npmcli/fs","@npmcli/fs","3.1.1","ISC","true","false",""
"node_modules/npm-registry-fetch/node_modules/ansi-regex","ansi-regex","6.2.2","MIT","true","false",""
"node_modules/npm-registry-fetch/node_modules/ansi-styles","ansi-styles","6.2.3","MIT","true","false",""
"node_modules/npm-registry-fetch/node_modules/brace-expansion","brace-expansion","2.1.7","MIT","true","false",""
"node_modules/npm-registry-fetch/node_modules/cacache","cacache","18.0.4","ISC","true","false",""
"node_modules/npm-registry-fetch/node_modules/emoji-regex","emoji-regex","9.2.2","MIT","true","false",""
"node_modules/npm-registry-fetch/node_modules/fs-minipass","fs-minipass","3.0.3","ISC","true","false",""
"node_modules/npm-registry-fetch/node_modules/glob","glob","10.5.0","ISC","true","false","Old versions of glob are not supported, and contain widely publicized security vulnerabilities, which have been fixed in the current version. Please update. Support for old versions may be purchased (at exorbitant rates) by contacting i@izs.me"
"node_modules/npm-registry-fetch/node_modules/jackspeak","jackspeak","3.4.3","BlueOak-1.0.0","true","false",""
"node_modules/npm-registry-fetch/node_modules/lru-cache","lru-cache","10.4.3","ISC","true","false",""
"node_modules/npm-registry-fetch/node_modules/make-fetch-happen","make-fetch-happen","13.0.1","ISC","true","false",""
"node_modules/npm-registry-fetch/node_modules/minimatch","minimatch","9.0.9","ISC","true","false",""
"node_modules/npm-registry-fetch/node_modules/minipass-collect","minipass-collect","2.0.1","ISC","true","false",""
"node_modules/npm-registry-fetch/node_modules/minipass-fetch","minipass-fetch","3.0.5","MIT","true","false",""
"node_modules/npm-registry-fetch/node_modules/negotiator","negotiator","0.6.4","MIT","true","false",""
"node_modules/npm-registry-fetch/node_modules/path-scurry","path-scurry","1.11.1","BlueOak-1.0.0","true","false",""
"node_modules/npm-registry-fetch/node_modules/ssri","ssri","10.0.6","ISC","true","false",""
"node_modules/npm-registry-fetch/node_modules/string-width","string-width","5.1.2","MIT","true","false",""
"node_modules/npm-registry-fetch/node_modules/strip-ansi","strip-ansi","7.2.0","MIT","true","false",""
"node_modules/npm-registry-fetch/node_modules/unique-filename","unique-filename","3.0.0","ISC","true","false",""
"node_modules/npm-registry-fetch/node_modules/unique-slug","unique-slug","4.0.0","ISC","true","false",""
"node_modules/npm-registry-fetch/node_modules/wrap-ansi","wrap-ansi","8.1.0","MIT","true","false",""
"node_modules/npm-run-path","npm-run-path","6.0.0","MIT","true","false",""
"node_modules/npm-run-path/node_modules/path-key","path-key","4.0.0","MIT","true","false",""
"node_modules/nth-check","nth-check","2.1.1","BSD-2-Clause","true","false",""
"node_modules/numeral","numeral","2.0.6","MIT","true","false",""
"node_modules/object-assign","object-assign","4.1.1","MIT","false","false",""
"node_modules/object-hash","object-hash","3.0.0","MIT","false","false",""
"node_modules/object-inspect","object-inspect","1.13.4","MIT","false","false",""
"node_modules/object-keys","object-keys","1.1.1","MIT","true","false",""
"node_modules/object.assign","object.assign","4.1.7","MIT","true","false",""
"node_modules/object.entries","object.entries","1.1.9","MIT","true","false",""
"node_modules/on-finished","on-finished","2.4.1","MIT","false","false",""
"node_modules/once","once","1.4.0","ISC","false","false",""
"node_modules/onetime","onetime","7.0.0","MIT","true","false",""
"node_modules/openai","openai","6.39.0","Apache-2.0","false","false",""
"node_modules/optionator","optionator","0.9.4","MIT","true","false",""
"node_modules/ora","ora","8.2.0","MIT","true","false",""
"node_modules/ora/node_modules/ansi-regex","ansi-regex","6.2.2","MIT","true","false",""
"node_modules/ora/node_modules/chalk","chalk","5.6.2","MIT","true","false",""
"node_modules/ora/node_modules/emoji-regex","emoji-regex","10.6.0","MIT","true","false",""
"node_modules/ora/node_modules/log-symbols","log-symbols","6.0.0","MIT","true","false",""
"node_modules/ora/node_modules/log-symbols/node_modules/is-unicode-supported","is-unicode-supported","1.3.0","MIT","true","false",""
"node_modules/ora/node_modules/string-width","string-width","7.2.0","MIT","true","false",""
"node_modules/ora/node_modules/strip-ansi","strip-ansi","7.2.0","MIT","true","false",""
"node_modules/os-locale","os-locale","6.0.2","MIT","true","false",""
"node_modules/own-keys","own-keys","1.0.1","MIT","true","false",""
"node_modules/p-limit","p-limit","3.1.0","MIT","true","false",""
"node_modules/p-locate","p-locate","5.0.0","MIT","true","false",""
"node_modules/p-map","p-map","4.0.0","MIT","true","false",""
"node_modules/p-queue","p-queue","8.1.1","MIT","true","false",""
"node_modules/p-timeout","p-timeout","6.1.4","MIT","true","false",""
"node_modules/p-transform","p-transform","5.0.1","Apache-2.0","true","false",""
"node_modules/p-try","p-try","2.2.0","MIT","false","false",""
"node_modules/package-json","package-json","10.0.1","MIT","true","false",""
"node_modules/package-json-from-dist","package-json-from-dist","1.0.1","BlueOak-1.0.0","false","false",""
"node_modules/pacote","pacote","18.0.6","ISC","true","false",""
"node_modules/pacote/node_modules/@isaacs/cliui","@isaacs/cliui","8.0.2","ISC","true","false",""
"node_modules/pacote/node_modules/@npmcli/fs","@npmcli/fs","3.1.1","ISC","true","false",""
"node_modules/pacote/node_modules/ansi-regex","ansi-regex","6.2.2","MIT","true","false",""
"node_modules/pacote/node_modules/ansi-styles","ansi-styles","6.2.3","MIT","true","false",""
"node_modules/pacote/node_modules/brace-expansion","brace-expansion","2.1.7","MIT","true","false",""
"node_modules/pacote/node_modules/cacache","cacache","18.0.4","ISC","true","false",""
"node_modules/pacote/node_modules/emoji-regex","emoji-regex","9.2.2","MIT","true","false",""
"node_modules/pacote/node_modules/fs-minipass","fs-minipass","3.0.3","ISC","true","false",""
"node_modules/pacote/node_modules/glob","glob","10.5.0","ISC","true","false","Old versions of glob are not supported, and contain widely publicized security vulnerabilities, which have been fixed in the current version. Please update. Support for old versions may be purchased (at exorbitant rates) by contacting i@izs.me"
"node_modules/pacote/node_modules/jackspeak","jackspeak","3.4.3","BlueOak-1.0.0","true","false",""
"node_modules/pacote/node_modules/lru-cache","lru-cache","10.4.3","ISC","true","false",""
"node_modules/pacote/node_modules/minimatch","minimatch","9.0.9","ISC","true","false",""
"node_modules/pacote/node_modules/minipass-collect","minipass-collect","2.0.1","ISC","true","false",""
"node_modules/pacote/node_modules/path-scurry","path-scurry","1.11.1","BlueOak-1.0.0","true","false",""
"node_modules/pacote/node_modules/ssri","ssri","10.0.6","ISC","true","false",""
"node_modules/pacote/node_modules/string-width","string-width","5.1.2","MIT","true","false",""
"node_modules/pacote/node_modules/strip-ansi","strip-ansi","7.2.0","MIT","true","false",""
"node_modules/pacote/node_modules/unique-filename","unique-filename","3.0.0","ISC","true","false",""
"node_modules/pacote/node_modules/unique-slug","unique-slug","4.0.0","ISC","true","false",""
"node_modules/pacote/node_modules/wrap-ansi","wrap-ansi","8.1.0","MIT","true","false",""
"node_modules/pako","pako","2.1.0","(MIT AND Zlib)","false","false",""
"node_modules/parent-module","parent-module","1.0.1","MIT","true","false",""
"node_modules/parse-conflict-json","parse-conflict-json","3.0.1","ISC","true","false",""
"node_modules/parse-conflict-json/node_modules/json-parse-even-better-errors","json-parse-even-better-errors","3.0.2","MIT","true","false",""
"node_modules/parse-gitignore","parse-gitignore","2.0.0","MIT","true","false",""
"node_modules/parse-json","parse-json","5.2.0","MIT","true","false",""
"node_modules/parse-ms","parse-ms","4.0.0","MIT","true","false",""
"node_modules/parseurl","parseurl","1.3.3","MIT","false","false",""
"node_modules/passport","passport","0.7.0","MIT","false","false",""
"node_modules/passport-jwt","passport-jwt","4.0.1","MIT","false","false",""
"node_modules/passport-strategy","passport-strategy","1.0.0","No declarada","false","false",""
"node_modules/path-exists","path-exists","4.0.0","MIT","false","false",""
"node_modules/path-expression-matcher","path-expression-matcher","1.5.0","MIT","false","false",""
"node_modules/path-is-absolute","path-is-absolute","1.0.1","MIT","true","false",""
"node_modules/path-key","path-key","3.1.1","MIT","false","false",""
"node_modules/path-parse","path-parse","1.0.7","MIT","true","false",""
"node_modules/path-scurry","path-scurry","2.0.2","BlueOak-1.0.0","true","false",""
"node_modules/path-scurry/node_modules/lru-cache","lru-cache","11.3.5","BlueOak-1.0.0","true","false",""
"node_modules/path-to-regexp","path-to-regexp","8.4.2","MIT","false","false",""
"node_modules/path-type","path-type","6.0.0","MIT","true","false",""
"node_modules/pathe","pathe","2.0.3","MIT","true","false",""
"node_modules/pathval","pathval","2.0.1","MIT","true","false",""
"node_modules/pause","pause","0.0.1","No declarada","false","false",""
"node_modules/pause-stream","pause-stream","0.0.11","MIT,Apache2","true","false",""
"node_modules/pdfkit","pdfkit","0.18.0","MIT","false","false",""
"node_modules/perfect-debounce","perfect-debounce","1.0.0","MIT","false","false",""
"node_modules/performance-now","performance-now","2.1.0","MIT","false","true",""
"node_modules/pg","pg","8.14.1","MIT","false","false",""
"node_modules/pg-cloudflare","pg-cloudflare","1.3.0","MIT","false","true",""
"node_modules/pg-connection-string","pg-connection-string","2.12.0","MIT","false","false",""
"node_modules/pg-int8","pg-int8","1.0.1","ISC","false","false",""
"node_modules/pg-pool","pg-pool","3.13.0","MIT","false","false",""
"node_modules/pg-protocol","pg-protocol","1.13.0","MIT","false","false",""
"node_modules/pg-types","pg-types","2.2.0","MIT","false","false",""
"node_modules/pgpass","pgpass","1.0.5","MIT","false","false",""
"node_modules/picocolors","picocolors","1.1.1","ISC","false","false",""
"node_modules/picomatch","picomatch","2.3.2","MIT","true","false",""
"node_modules/pify","pify","2.3.0","MIT","true","false",""
"node_modules/pinia","pinia","3.0.1","MIT","false","false",""
"node_modules/pirates","pirates","4.0.7","MIT","true","false",""
"node_modules/piscina","piscina","4.9.2","MIT","true","false",""
"node_modules/pkg-dir","pkg-dir","4.2.0","MIT","true","false",""
"node_modules/pkg-dir/node_modules/find-up","find-up","4.1.0","MIT","true","false",""
"node_modules/pkg-dir/node_modules/locate-path","locate-path","5.0.0","MIT","true","false",""
"node_modules/pkg-dir/node_modules/p-limit","p-limit","2.3.0","MIT","true","false",""
"node_modules/pkg-dir/node_modules/p-locate","p-locate","4.1.0","MIT","true","false",""
"node_modules/pluralize","pluralize","8.0.0","MIT","true","false",""
"node_modules/png-js","png-js","1.1.0","No declarada","false","false",""
"node_modules/pngjs","pngjs","5.0.0","MIT","false","false",""
"node_modules/popper.js","popper.js","1.16.1","MIT","false","false","You can find the new Popper v2 at @popperjs/core, this package is dedicated to the legacy v1"
"node_modules/possible-typed-array-names","possible-typed-array-names","1.1.0","MIT","false","false",""
"node_modules/postcss","postcss","8.5.28","MIT","false","false",""
"node_modules/postcss-import","postcss-import","16.1.0","MIT","true","false",""
"node_modules/postcss-import/node_modules/resolve","resolve","1.22.12","MIT","true","false",""
"node_modules/postcss-selector-parser","postcss-selector-parser","6.1.2","MIT","true","false",""
"node_modules/postcss-url","postcss-url","10.1.3","MIT","true","false",""
"node_modules/postcss-url/node_modules/minimatch","minimatch","3.0.8","ISC","true","false",""
"node_modules/postcss-value-parser","postcss-value-parser","4.2.0","MIT","true","false",""
"node_modules/postgres-array","postgres-array","2.0.0","MIT","false","false",""
"node_modules/postgres-bytea","postgres-bytea","1.0.1","MIT","false","false",""
"node_modules/postgres-date","postgres-date","1.0.7","MIT","false","false",""
"node_modules/postgres-interval","postgres-interval","1.2.0","MIT","false","false",""
"node_modules/prebuild-install","prebuild-install","7.1.3","MIT","false","false","No longer maintained. Please contact the author of the relevant native addon; alternatives are available."
"node_modules/prelude-ls","prelude-ls","1.2.1","MIT","true","false",""
"node_modules/prettier","prettier","3.5.3","MIT","true","false",""
"node_modules/prettier-linter-helpers","prettier-linter-helpers","1.0.1","MIT","true","false",""
"node_modules/prettier-plugin-java","prettier-plugin-java","2.6.7","Apache-2.0","true","false",""
"node_modules/prettier-plugin-java/node_modules/java-parser","java-parser","2.3.3","Apache-2.0","true","false",""
"node_modules/prettier-plugin-packagejson","prettier-plugin-packagejson","2.5.10","MIT","true","false",""
"node_modules/prettier-plugin-packagejson/node_modules/@pkgr/core","@pkgr/core","0.1.2","MIT","true","false",""
"node_modules/prettier-plugin-packagejson/node_modules/synckit","synckit","0.9.2","MIT","true","false",""
"node_modules/prettier-plugin-properties","prettier-plugin-properties","0.3.0","MIT","true","false",""
"node_modules/pretty-bytes","pretty-bytes","6.1.1","MIT","true","false",""
"node_modules/pretty-format","pretty-format","29.7.0","MIT","true","false",""
"node_modules/pretty-format/node_modules/ansi-styles","ansi-styles","5.2.0","MIT","true","false",""
"node_modules/pretty-ms","pretty-ms","9.3.0","MIT","true","false",""
"node_modules/proc-log","proc-log","4.2.0","ISC","true","false",""
"node_modules/proggy","proggy","2.0.0","ISC","true","false",""
"node_modules/promise-all-reject-late","promise-all-reject-late","1.0.1","ISC","true","false",""
"node_modules/promise-call-limit","promise-call-limit","3.0.2","ISC","true","false",""
"node_modules/promise-inflight","promise-inflight","1.0.1","ISC","true","false",""
"node_modules/promise-retry","promise-retry","2.0.1","MIT","true","false",""
"node_modules/prompts","prompts","2.4.2","MIT","true","false",""
"node_modules/properties-file","properties-file","3.5.4","MIT","true","false",""
"node_modules/proto-list","proto-list","1.2.4","ISC","true","false",""
"node_modules/proxy-addr","proxy-addr","2.0.7","MIT","false","false",""
"node_modules/proxy-from-env","proxy-from-env","1.1.0","MIT","true","false",""
"node_modules/ps-tree","ps-tree","1.2.0","MIT","true","false",""
"node_modules/pstree.remy","pstree.remy","1.1.8","MIT","true","false",""
"node_modules/pump","pump","3.0.4","MIT","false","false",""
"node_modules/punycode","punycode","2.3.1","MIT","true","false",""
"node_modules/pure-rand","pure-rand","6.1.0","MIT","true","false",""
"node_modules/qrcode","qrcode","1.5.4","MIT","false","false",""
"node_modules/qrcode/node_modules/cliui","cliui","6.0.0","ISC","false","false",""
"node_modules/qrcode/node_modules/find-up","find-up","4.1.0","MIT","false","false",""
"node_modules/qrcode/node_modules/locate-path","locate-path","5.0.0","MIT","false","false",""
"node_modules/qrcode/node_modules/p-limit","p-limit","2.3.0","MIT","false","false",""
"node_modules/qrcode/node_modules/p-locate","p-locate","4.1.0","MIT","false","false",""
"node_modules/qrcode/node_modules/y18n","y18n","4.0.3","ISC","false","false",""
"node_modules/qrcode/node_modules/yargs","yargs","15.4.1","MIT","false","false",""
"node_modules/qrcode/node_modules/yargs-parser","yargs-parser","18.1.3","ISC","false","false",""
"node_modules/qs","qs","6.16.0","BSD-3-Clause","false","false",""
"node_modules/queue-microtask","queue-microtask","1.2.3","MIT","true","false",""
"node_modules/raf","raf","3.4.1","MIT","false","true",""
"node_modules/randexp","randexp","0.5.3","MIT","true","false",""
"node_modules/range-parser","range-parser","1.2.1","MIT","false","false",""
"node_modules/raw-body","raw-body","3.0.2","MIT","false","false",""
"node_modules/rc","rc","1.2.8","(BSD-2-Clause OR MIT OR Apache-2.0)","false","false",""
"node_modules/rc/node_modules/strip-json-comments","strip-json-comments","2.0.1","MIT","false","false",""
"node_modules/react-is","react-is","18.3.1","MIT","true","false",""
"node_modules/read-cache","read-cache","1.0.0","MIT","true","false",""
"node_modules/read-cmd-shim","read-cmd-shim","4.0.0","ISC","true","false",""
"node_modules/read-package-json-fast","read-package-json-fast","3.0.2","ISC","true","false",""
"node_modules/read-package-json-fast/node_modules/json-parse-even-better-errors","json-parse-even-better-errors","3.0.2","MIT","true","false",""
"node_modules/read-package-up","read-package-up","11.0.0","MIT","true","false",""
"node_modules/read-pkg","read-pkg","9.0.1","MIT","true","false",""
"node_modules/read-pkg/node_modules/parse-json","parse-json","8.3.0","MIT","true","false",""
"node_modules/read-pkg/node_modules/type-fest","type-fest","4.41.0","(MIT OR CC0-1.0)","true","false",""
"node_modules/read-pkg/node_modules/unicorn-magic","unicorn-magic","0.1.0","MIT","true","false",""
"node_modules/readdirp","readdirp","3.6.0","MIT","true","false",""
"node_modules/reflect-metadata","reflect-metadata","0.2.2","Apache-2.0","false","false",""
"node_modules/reflect.getprototypeof","reflect.getprototypeof","1.0.10","MIT","true","false",""
"node_modules/regenerator-runtime","regenerator-runtime","0.13.11","MIT","false","true",""
"node_modules/regexp.prototype.flags","regexp.prototype.flags","1.5.4","MIT","true","false",""
"node_modules/registry-auth-token","registry-auth-token","5.1.1","MIT","true","false",""
"node_modules/registry-url","registry-url","6.0.1","MIT","true","false",""
"node_modules/remove-trailing-separator","remove-trailing-separator","1.1.0","ISC","true","false",""
"node_modules/replace-ext","replace-ext","2.0.0","MIT","true","false",""
"node_modules/require-directory","require-directory","2.1.1","MIT","false","false",""
"node_modules/require-main-filename","require-main-filename","2.0.0","ISC","false","false",""
"node_modules/resolve","resolve","2.0.0-next.6","MIT","true","false",""
"node_modules/resolve-cwd","resolve-cwd","3.0.0","MIT","true","false",""
"node_modules/resolve-cwd/node_modules/resolve-from","resolve-from","5.0.0","MIT","true","false",""
"node_modules/resolve-from","resolve-from","4.0.0","MIT","true","false",""
"node_modules/resolve-pkg-maps","resolve-pkg-maps","1.0.0","MIT","true","false",""
"node_modules/resolve.exports","resolve.exports","2.0.3","MIT","true","false",""
"node_modules/restore-cursor","restore-cursor","5.1.0","MIT","true","false",""
"node_modules/restructure","restructure","3.0.2","MIT","false","false",""
"node_modules/ret","ret","0.2.2","MIT","true","false",""
"node_modules/retry","retry","0.12.0","MIT","true","false",""
"node_modules/reusify","reusify","1.1.0","MIT","true","false",""
"node_modules/rfdc","rfdc","1.4.1","MIT","false","false",""
"node_modules/rgbcolor","rgbcolor","1.0.1","MIT OR SEE LICENSE IN FEEL-FREE.md","false","true",""
"node_modules/rimraf","rimraf","5.0.8","ISC","true","false",""
"node_modules/rimraf/node_modules/@isaacs/cliui","@isaacs/cliui","8.0.2","ISC","true","false",""
"node_modules/rimraf/node_modules/ansi-regex","ansi-regex","6.2.2","MIT","true","false",""
"node_modules/rimraf/node_modules/ansi-styles","ansi-styles","6.2.3","MIT","true","false",""
"node_modules/rimraf/node_modules/brace-expansion","brace-expansion","2.1.7","MIT","true","false",""
"node_modules/rimraf/node_modules/emoji-regex","emoji-regex","9.2.2","MIT","true","false",""
"node_modules/rimraf/node_modules/glob","glob","10.5.0","ISC","true","false","Old versions of glob are not supported, and contain widely publicized security vulnerabilities, which have been fixed in the current version. Please update. Support for old versions may be purchased (at exorbitant rates) by contacting i@izs.me"
"node_modules/rimraf/node_modules/jackspeak","jackspeak","3.4.3","BlueOak-1.0.0","true","false",""
"node_modules/rimraf/node_modules/lru-cache","lru-cache","10.4.3","ISC","true","false",""
"node_modules/rimraf/node_modules/minimatch","minimatch","9.0.9","ISC","true","false",""
"node_modules/rimraf/node_modules/path-scurry","path-scurry","1.11.1","BlueOak-1.0.0","true","false",""
"node_modules/rimraf/node_modules/string-width","string-width","5.1.2","MIT","true","false",""
"node_modules/rimraf/node_modules/strip-ansi","strip-ansi","7.2.0","MIT","true","false",""
"node_modules/rimraf/node_modules/wrap-ansi","wrap-ansi","8.1.0","MIT","true","false",""
"node_modules/rollup","rollup","4.60.2","MIT","true","false",""
"node_modules/router","router","2.2.0","MIT","false","false",""
"node_modules/run-async","run-async","4.0.6","MIT","true","false",""
"node_modules/run-parallel","run-parallel","1.2.0","MIT","true","false",""
"node_modules/rxjs","rxjs","7.8.2","Apache-2.0","false","false",""
"node_modules/safe-array-concat","safe-array-concat","1.1.4","MIT","true","false",""
"node_modules/safe-array-concat/node_modules/isarray","isarray","2.0.5","MIT","true","false",""
"node_modules/safe-buffer","safe-buffer","5.2.1","MIT","false","false",""
"node_modules/safe-push-apply","safe-push-apply","1.0.0","MIT","true","false",""
"node_modules/safe-push-apply/node_modules/isarray","isarray","2.0.5","MIT","true","false",""
"node_modules/safe-regex-test","safe-regex-test","1.1.0","MIT","true","false",""
"node_modules/safer-buffer","safer-buffer","2.1.2","MIT","false","false",""
"node_modules/sass","sass","1.64.2","MIT","true","false",""
"node_modules/semver","semver","7.7.4","ISC","false","false",""
"node_modules/send","send","1.2.1","MIT","false","false",""
"node_modules/send/node_modules/fresh","fresh","2.0.0","MIT","false","false",""
"node_modules/serve-static","serve-static","2.2.1","MIT","false","false",""
"node_modules/set-blocking","set-blocking","2.0.0","ISC","false","false",""
"node_modules/set-function-length","set-function-length","1.2.2","MIT","false","false",""
"node_modules/set-function-name","set-function-name","2.0.2","MIT","true","false",""
"node_modules/set-proto","set-proto","1.0.0","MIT","true","false",""
"node_modules/setprototypeof","setprototypeof","1.2.0","ISC","false","false",""
"node_modules/sha.js","sha.js","2.4.12","(MIT AND BSD-3-Clause)","false","false",""
"node_modules/shebang-command","shebang-command","2.0.0","MIT","false","false",""
"node_modules/shebang-regex","shebang-regex","3.0.0","MIT","false","false",""
"node_modules/shell-quote","shell-quote","1.8.3","MIT","true","false",""
"node_modules/side-channel","side-channel","1.1.1","MIT","false","false",""
"node_modules/side-channel-list","side-channel-list","1.0.1","MIT","false","false",""
"node_modules/side-channel-map","side-channel-map","1.0.1","MIT","false","false",""
"node_modules/side-channel-weakmap","side-channel-weakmap","1.0.2","MIT","false","false",""
"node_modules/siginfo","siginfo","2.0.0","ISC","true","false",""
"node_modules/signal-exit","signal-exit","4.1.0","ISC","false","false",""
"node_modules/sigstore","sigstore","2.3.1","Apache-2.0","true","false",""
"node_modules/simple-concat","simple-concat","1.0.1","MIT","false","false",""
"node_modules/simple-get","simple-get","4.0.1","MIT","false","false",""
"node_modules/simple-git","simple-git","3.27.0","MIT","true","false",""
"node_modules/simple-update-notifier","simple-update-notifier","2.0.0","MIT","true","false",""
"node_modules/sinon","sinon","20.0.0","BSD-3-Clause","true","false",""
"node_modules/sinon/node_modules/@sinonjs/fake-timers","@sinonjs/fake-timers","13.0.5","BSD-3-Clause","true","false",""
"node_modules/sisteransi","sisteransi","1.0.5","MIT","true","false",""
"node_modules/slash","slash","5.1.0","MIT","true","false",""
"node_modules/slugify","slugify","1.6.6","MIT","true","false",""
"node_modules/smart-buffer","smart-buffer","4.2.0","MIT","true","false",""
"node_modules/socket.io","socket.io","4.8.3","MIT","false","false",""
"node_modules/socket.io-adapter","socket.io-adapter","2.5.8","MIT","false","false",""
"node_modules/socket.io-client","socket.io-client","4.8.3","MIT","false","false",""
"node_modules/socket.io-parser","socket.io-parser","4.2.7","MIT","false","false",""
"node_modules/socket.io/node_modules/accepts","accepts","1.3.8","MIT","false","false",""
"node_modules/socket.io/node_modules/mime-db","mime-db","1.52.0","MIT","false","false",""
"node_modules/socket.io/node_modules/mime-types","mime-types","2.1.35","MIT","false","false",""
"node_modules/socket.io/node_modules/negotiator","negotiator","0.6.3","MIT","false","false",""
"node_modules/socks","socks","2.8.8","MIT","true","false",""
"node_modules/sonarqube-scanner","sonarqube-scanner","4.3.0","LGPL-3.0-only","true","false",""
"node_modules/sonarqube-scanner/node_modules/axios","axios","1.8.2","MIT","true","false",""
"node_modules/sonarqube-scanner/node_modules/commander","commander","12.0.0","MIT","true","false",""
"node_modules/sonarqube-scanner/node_modules/lru-cache","lru-cache","6.0.0","ISC","true","false",""
"node_modules/sonarqube-scanner/node_modules/semver","semver","7.6.0","ISC","true","false",""
"node_modules/sonarqube-scanner/node_modules/yallist","yallist","4.0.0","ISC","true","false",""
"node_modules/sort-keys","sort-keys","5.1.0","MIT","true","false",""
"node_modules/sort-object-keys","sort-object-keys","1.1.3","MIT","true","false",""
"node_modules/sort-package-json","sort-package-json","2.15.1","MIT","true","false",""
"node_modules/sort-package-json/node_modules/detect-newline","detect-newline","4.0.1","MIT","true","false",""
"node_modules/source-map","source-map","0.6.1","BSD-3-Clause","false","false",""
"node_modules/source-map-js","source-map-js","1.2.1","BSD-3-Clause","false","false",""
"node_modules/source-map-support","source-map-support","0.5.13","MIT","true","false",""
"node_modules/spdx-correct","spdx-correct","3.2.0","Apache-2.0","true","false",""
"node_modules/spdx-exceptions","spdx-exceptions","2.5.0","CC-BY-3.0","true","false",""
"node_modules/spdx-expression-parse","spdx-expression-parse","3.0.1","MIT","true","false",""
"node_modules/spdx-license-ids","spdx-license-ids","3.0.23","CC0-1.0","true","false",""
"node_modules/speakingurl","speakingurl","14.0.1","BSD-3-Clause","false","false",""
"node_modules/split","split","0.3.3","MIT","true","false",""
"node_modules/split2","split2","4.2.0","ISC","false","false",""
"node_modules/sprintf-js","sprintf-js","1.0.3","BSD-3-Clause","true","false",""
"node_modules/sql-highlight","sql-highlight","6.1.0","MIT","false","false",""
"node_modules/stable-hash","stable-hash","0.0.5","MIT","true","false",""
"node_modules/stack-utils","stack-utils","2.0.6","MIT","true","false",""
"node_modules/stack-utils/node_modules/escape-string-regexp","escape-string-regexp","2.0.0","MIT","true","false",""
"node_modules/stackback","stackback","0.0.2","MIT","true","false",""
"node_modules/stackblur-canvas","stackblur-canvas","2.7.0","MIT","false","true",""
"node_modules/statuses","statuses","2.0.2","MIT","false","false",""
"node_modules/std-env","std-env","3.10.0","MIT","true","false",""
"node_modules/stdin-discarder","stdin-discarder","0.2.2","MIT","true","false",""
"node_modules/stop-iteration-iterator","stop-iteration-iterator","1.1.0","MIT","true","false",""
"node_modules/stream-combiner","stream-combiner","0.0.4","MIT","true","false",""
"node_modules/streamsearch","streamsearch","1.1.0","No declarada","false","false",""
"node_modules/streamx","streamx","2.25.0","MIT","true","false",""
"node_modules/string_decoder","string_decoder","1.1.1","MIT","false","false",""
"node_modules/string_decoder/node_modules/safe-buffer","safe-buffer","5.1.2","MIT","false","false",""
"node_modules/string-argv","string-argv","0.3.2","MIT","true","false",""
"node_modules/string-length","string-length","4.0.2","MIT","true","false",""
"node_modules/string-width","string-width","4.2.3","MIT","false","false",""
"node_modules/string-width-cjs","string-width","4.2.3","MIT","false","false",""
"node_modules/string.prototype.trim","string.prototype.trim","1.2.10","MIT","true","false",""
"node_modules/string.prototype.trimend","string.prototype.trimend","1.0.9","MIT","true","false",""
"node_modules/string.prototype.trimstart","string.prototype.trimstart","1.0.8","MIT","true","false",""
"node_modules/strip-ansi","strip-ansi","6.0.1","MIT","false","false",""
"node_modules/strip-ansi-cjs","strip-ansi","6.0.1","MIT","false","false",""
"node_modules/strip-bom","strip-bom","4.0.0","MIT","true","false",""
"node_modules/strip-bom-buf","strip-bom-buf","3.0.1","MIT","true","false",""
"node_modules/strip-bom-stream","strip-bom-stream","5.0.0","MIT","true","false",""
"node_modules/strip-final-newline","strip-final-newline","4.0.0","MIT","true","false",""
"node_modules/strip-json-comments","strip-json-comments","3.1.1","MIT","true","false",""
"node_modules/strnum","strnum","2.2.3","MIT","false","false",""
"node_modules/strtok3","strtok3","10.3.5","MIT","false","false",""
"node_modules/superagent","superagent","9.0.2","MIT","true","false","Please upgrade to superagent v10.2.2+, see release notes at https://github.com/forwardemail/superagent/releases/tag/v10.2.2 - maintenance is supported by Forward Email @ https://forwardemail.net"
"node_modules/superagent/node_modules/mime","mime","2.6.0","MIT","true","false",""
"node_modules/superjson","superjson","2.2.6","MIT","false","false",""
"node_modules/supertest","supertest","7.1.0","MIT","true","false","Please upgrade to supertest v7.1.3+, see release notes at https://github.com/forwardemail/supertest/releases/tag/v7.1.3 - maintenance is supported by Forward Email @ https://forwardemail.net"
"node_modules/supports-color","supports-color","7.2.0","MIT","false","false",""
"node_modules/supports-preserve-symlinks-flag","supports-preserve-symlinks-flag","1.0.0","MIT","true","false",""
"node_modules/svg-pathdata","svg-pathdata","6.0.3","MIT","false","true",""
"node_modules/swagger-ui-dist","swagger-ui-dist","5.20.2","Apache-2.0","false","false",""
"node_modules/swagger-ui-express","swagger-ui-express","5.0.1","MIT","false","false",""
"node_modules/synckit","synckit","0.10.4","MIT","true","false",""
"node_modules/tar","tar","6.2.1","ISC","true","false","Old versions of tar are not supported, and contain widely publicized security vulnerabilities, which have been fixed in the current version. Please update. Support for old versions may be purchased (at exorbitant rates) by contacting i@izs.me"
"node_modules/tar-fs","tar-fs","2.1.4","MIT","false","false",""
"node_modules/tar-fs/node_modules/chownr","chownr","1.1.4","ISC","false","false",""
"node_modules/tar-fs/node_modules/readable-stream","readable-stream","3.6.2","MIT","false","false",""
"node_modules/tar-fs/node_modules/tar-stream","tar-stream","2.2.0","MIT","false","false",""
"node_modules/tar-stream","tar-stream","3.1.7","MIT","true","false",""
"node_modules/tar/node_modules/minipass","minipass","5.0.0","ISC","true","false",""
"node_modules/tar/node_modules/mkdirp","mkdirp","1.0.4","MIT","true","false",""
"node_modules/tar/node_modules/yallist","yallist","4.0.0","ISC","true","false",""
"node_modules/teex","teex","1.0.1","MIT","true","false",""
"node_modules/test-exclude","test-exclude","7.0.2","ISC","true","false",""
"node_modules/test-exclude/node_modules/@isaacs/cliui","@isaacs/cliui","8.0.2","ISC","true","false",""
"node_modules/test-exclude/node_modules/ansi-regex","ansi-regex","6.2.2","MIT","true","false",""
"node_modules/test-exclude/node_modules/ansi-styles","ansi-styles","6.2.3","MIT","true","false",""
"node_modules/test-exclude/node_modules/balanced-match","balanced-match","4.0.4","MIT","true","false",""
"node_modules/test-exclude/node_modules/brace-expansion","brace-expansion","5.0.12","MIT","true","false",""
"node_modules/test-exclude/node_modules/emoji-regex","emoji-regex","9.2.2","MIT","true","false",""
"node_modules/test-exclude/node_modules/glob","glob","10.5.0","ISC","true","false","Old versions of glob are not supported, and contain widely publicized security vulnerabilities, which have been fixed in the current version. Please update. Support for old versions may be purchased (at exorbitant rates) by contacting i@izs.me"
"node_modules/test-exclude/node_modules/glob/node_modules/balanced-match","balanced-match","1.0.2","MIT","true","false",""
"node_modules/test-exclude/node_modules/glob/node_modules/brace-expansion","brace-expansion","2.1.7","MIT","true","false",""
"node_modules/test-exclude/node_modules/glob/node_modules/minimatch","minimatch","9.0.9","ISC","true","false",""
"node_modules/test-exclude/node_modules/jackspeak","jackspeak","3.4.3","BlueOak-1.0.0","true","false",""
"node_modules/test-exclude/node_modules/lru-cache","lru-cache","10.4.3","ISC","true","false",""
"node_modules/test-exclude/node_modules/minimatch","minimatch","10.2.5","BlueOak-1.0.0","true","false",""
"node_modules/test-exclude/node_modules/path-scurry","path-scurry","1.11.1","BlueOak-1.0.0","true","false",""
"node_modules/test-exclude/node_modules/string-width","string-width","5.1.2","MIT","true","false",""
"node_modules/test-exclude/node_modules/strip-ansi","strip-ansi","7.2.0","MIT","true","false",""
"node_modules/test-exclude/node_modules/wrap-ansi","wrap-ansi","8.1.0","MIT","true","false",""
"node_modules/text-decoder","text-decoder","1.2.7","Apache-2.0","true","false",""
"node_modules/text-segmentation","text-segmentation","1.0.3","MIT","false","true",""
"node_modules/text-table","text-table","0.2.0","MIT","true","false",""
"node_modules/textextensions","textextensions","6.11.0","Artistic-2.0","true","false",""
"node_modules/through","through","2.3.8","MIT","true","false",""
"node_modules/tiny-inflate","tiny-inflate","1.0.3","MIT","false","false",""
"node_modules/tinybench","tinybench","2.9.0","MIT","true","false",""
"node_modules/tinyexec","tinyexec","0.3.2","MIT","true","false",""
"node_modules/tinyglobby","tinyglobby","0.2.12","MIT","false","false",""
"node_modules/tinyglobby/node_modules/fdir","fdir","6.5.0","MIT","false","false",""
"node_modules/tinyglobby/node_modules/picomatch","picomatch","4.0.4","MIT","false","false",""
"node_modules/tinypool","tinypool","1.1.1","MIT","true","false",""
"node_modules/tinyrainbow","tinyrainbow","2.0.0","MIT","true","false",""
"node_modules/tinyspy","tinyspy","3.0.2","MIT","true","false",""
"node_modules/tmpl","tmpl","1.0.5","BSD-3-Clause","true","false",""
"node_modules/to-buffer","to-buffer","1.2.2","MIT","false","false",""
"node_modules/to-buffer/node_modules/isarray","isarray","2.0.5","MIT","false","false",""
"node_modules/to-regex-range","to-regex-range","5.0.1","MIT","true","false",""
"node_modules/toidentifier","toidentifier","1.0.1","MIT","false","false",""
"node_modules/token-types","token-types","6.1.2","MIT","false","false",""
"node_modules/touch","touch","3.1.1","ISC","true","false",""
"node_modules/tr46","tr46","0.0.3","MIT","false","false",""
"node_modules/tree-kill","tree-kill","1.2.2","MIT","true","false",""
"node_modules/treeverse","treeverse","3.0.0","ISC","true","false",""
"node_modules/ts-api-utils","ts-api-utils","2.5.0","MIT","true","false",""
"node_modules/ts-jest","ts-jest","29.3.1","MIT","true","false",""
"node_modules/ts-node","ts-node","10.9.2","MIT","false","false",""
"node_modules/ts-node/node_modules/diff","diff","4.0.4","BSD-3-Clause","false","false",""
"node_modules/tsc-watch","tsc-watch","6.2.1","MIT","true","false",""
"node_modules/tsconfig-paths","tsconfig-paths","4.2.0","MIT","true","false",""
"node_modules/tsconfig-paths/node_modules/strip-bom","strip-bom","3.0.0","MIT","true","false",""
"node_modules/tslib","tslib","2.8.1","0BSD","false","false",""
"node_modules/tuf-js","tuf-js","2.2.1","MIT","true","false",""
"node_modules/tuf-js/node_modules/@isaacs/cliui","@isaacs/cliui","8.0.2","ISC","true","false",""
"node_modules/tuf-js/node_modules/@npmcli/fs","@npmcli/fs","3.1.1","ISC","true","false",""
"node_modules/tuf-js/node_modules/ansi-regex","ansi-regex","6.2.2","MIT","true","false",""
"node_modules/tuf-js/node_modules/ansi-styles","ansi-styles","6.2.3","MIT","true","false",""
"node_modules/tuf-js/node_modules/brace-expansion","brace-expansion","2.1.7","MIT","true","false",""
"node_modules/tuf-js/node_modules/cacache","cacache","18.0.4","ISC","true","false",""
"node_modules/tuf-js/node_modules/emoji-regex","emoji-regex","9.2.2","MIT","true","false",""
"node_modules/tuf-js/node_modules/fs-minipass","fs-minipass","3.0.3","ISC","true","false",""
"node_modules/tuf-js/node_modules/glob","glob","10.5.0","ISC","true","false","Old versions of glob are not supported, and contain widely publicized security vulnerabilities, which have been fixed in the current version. Please update. Support for old versions may be purchased (at exorbitant rates) by contacting i@izs.me"
"node_modules/tuf-js/node_modules/jackspeak","jackspeak","3.4.3","BlueOak-1.0.0","true","false",""
"node_modules/tuf-js/node_modules/lru-cache","lru-cache","10.4.3","ISC","true","false",""
"node_modules/tuf-js/node_modules/make-fetch-happen","make-fetch-happen","13.0.1","ISC","true","false",""
"node_modules/tuf-js/node_modules/minimatch","minimatch","9.0.9","ISC","true","false",""
"node_modules/tuf-js/node_modules/minipass-collect","minipass-collect","2.0.1","ISC","true","false",""
"node_modules/tuf-js/node_modules/minipass-fetch","minipass-fetch","3.0.5","MIT","true","false",""
"node_modules/tuf-js/node_modules/negotiator","negotiator","0.6.4","MIT","true","false",""
"node_modules/tuf-js/node_modules/path-scurry","path-scurry","1.11.1","BlueOak-1.0.0","true","false",""
"node_modules/tuf-js/node_modules/ssri","ssri","10.0.6","ISC","true","false",""
"node_modules/tuf-js/node_modules/string-width","string-width","5.1.2","MIT","true","false",""
"node_modules/tuf-js/node_modules/strip-ansi","strip-ansi","7.2.0","MIT","true","false",""
"node_modules/tuf-js/node_modules/unique-filename","unique-filename","3.0.0","ISC","true","false",""
"node_modules/tuf-js/node_modules/unique-slug","unique-slug","4.0.0","ISC","true","false",""
"node_modules/tuf-js/node_modules/wrap-ansi","wrap-ansi","8.1.0","MIT","true","false",""
"node_modules/tunnel-agent","tunnel-agent","0.6.0","Apache-2.0","false","false",""
"node_modules/type-check","type-check","0.4.0","MIT","true","false",""
"node_modules/type-detect","type-detect","4.0.8","MIT","true","false",""
"node_modules/type-fest","type-fest","4.38.0","(MIT OR CC0-1.0)","true","false",""
"node_modules/type-is","type-is","2.1.0","MIT","false","false",""
"node_modules/type-is/node_modules/content-type","content-type","2.1.0","MIT","false","false",""
"node_modules/typed-array-buffer","typed-array-buffer","1.0.3","MIT","false","false",""
"node_modules/typed-array-byte-length","typed-array-byte-length","1.0.3","MIT","true","false",""
"node_modules/typed-array-byte-offset","typed-array-byte-offset","1.0.4","MIT","true","false",""
"node_modules/typed-array-length","typed-array-length","1.0.7","MIT","true","false",""
"node_modules/typeorm","typeorm","0.3.31","MIT","false","false",""
"node_modules/typeorm-encrypted","typeorm-encrypted","0.8.0","MIT","false","false",""
"node_modules/typeorm/node_modules/@isaacs/cliui","@isaacs/cliui","8.0.2","ISC","false","false",""
"node_modules/typeorm/node_modules/ansi-regex","ansi-regex","6.2.2","MIT","false","false",""
"node_modules/typeorm/node_modules/ansi-styles","ansi-styles","6.2.3","MIT","false","false",""
"node_modules/typeorm/node_modules/brace-expansion","brace-expansion","2.1.7","MIT","false","false",""
"node_modules/typeorm/node_modules/dayjs","dayjs","1.11.23","MIT","false","false",""
"node_modules/typeorm/node_modules/dotenv","dotenv","16.6.1","BSD-2-Clause","false","false",""
"node_modules/typeorm/node_modules/emoji-regex","emoji-regex","9.2.2","MIT","false","false",""
"node_modules/typeorm/node_modules/glob","glob","10.5.0","ISC","false","false","Old versions of glob are not supported, and contain widely publicized security vulnerabilities, which have been fixed in the current version. Please update. Support for old versions may be purchased (at exorbitant rates) by contacting i@izs.me"
"node_modules/typeorm/node_modules/jackspeak","jackspeak","3.4.3","BlueOak-1.0.0","false","false",""
"node_modules/typeorm/node_modules/lru-cache","lru-cache","10.4.3","ISC","false","false",""
"node_modules/typeorm/node_modules/minimatch","minimatch","9.0.9","ISC","false","false",""
"node_modules/typeorm/node_modules/path-scurry","path-scurry","1.11.1","BlueOak-1.0.0","false","false",""
"node_modules/typeorm/node_modules/string-width","string-width","5.1.2","MIT","false","false",""
"node_modules/typeorm/node_modules/strip-ansi","strip-ansi","7.2.0","MIT","false","false",""
"node_modules/typeorm/node_modules/uuid","uuid","11.1.1","MIT","false","false",""
"node_modules/typeorm/node_modules/wrap-ansi","wrap-ansi","8.1.0","MIT","false","false",""
"node_modules/typescript","typescript","5.8.3","Apache-2.0","false","false",""
"node_modules/typescript-eslint","typescript-eslint","8.29.0","MIT","true","false",""
"node_modules/typescript-eslint/node_modules/@typescript-eslint/eslint-plugin","@typescript-eslint/eslint-plugin","8.29.0","MIT","true","false",""
"node_modules/typescript-eslint/node_modules/@typescript-eslint/parser","@typescript-eslint/parser","8.29.0","MIT","true","false",""
"node_modules/typescript-eslint/node_modules/@typescript-eslint/scope-manager","@typescript-eslint/scope-manager","8.29.0","MIT","true","false",""
"node_modules/typescript-eslint/node_modules/@typescript-eslint/type-utils","@typescript-eslint/type-utils","8.29.0","MIT","true","false",""
"node_modules/typescript-eslint/node_modules/@typescript-eslint/types","@typescript-eslint/types","8.29.0","MIT","true","false",""
"node_modules/typescript-eslint/node_modules/@typescript-eslint/typescript-estree","@typescript-eslint/typescript-estree","8.29.0","MIT","true","false",""
"node_modules/typescript-eslint/node_modules/@typescript-eslint/utils","@typescript-eslint/utils","8.29.0","MIT","true","false",""
"node_modules/typescript-eslint/node_modules/@typescript-eslint/visitor-keys","@typescript-eslint/visitor-keys","8.29.0","MIT","true","false",""
"node_modules/typescript-eslint/node_modules/brace-expansion","brace-expansion","2.1.7","MIT","true","false",""
"node_modules/typescript-eslint/node_modules/minimatch","minimatch","9.0.9","ISC","true","false",""
"node_modules/uid","uid","2.0.2","MIT","false","false",""
"node_modules/uint8array-extras","uint8array-extras","1.6.0","MIT","false","false",""
"node_modules/unbox-primitive","unbox-primitive","1.1.0","MIT","true","false",""
"node_modules/undefsafe","undefsafe","2.0.5","MIT","true","false",""
"node_modules/undici","undici","6.29.0","MIT","false","true",""
"node_modules/undici-types","undici-types","5.26.5","MIT","false","false",""
"node_modules/unicode-properties","unicode-properties","1.4.1","MIT","false","false",""
"node_modules/unicode-trie","unicode-trie","2.0.0","MIT","false","false",""
"node_modules/unicode-trie/node_modules/pako","pako","0.2.9","MIT","false","false",""
"node_modules/unicorn-magic","unicorn-magic","0.3.0","MIT","true","false",""
"node_modules/universal-user-agent","universal-user-agent","7.0.3","ISC","true","false",""
"node_modules/universalify","universalify","2.0.1","MIT","true","false",""
"node_modules/unpipe","unpipe","1.0.0","MIT","false","false",""
"node_modules/unrs-resolver","unrs-resolver","1.11.1","MIT","true","false",""
"node_modules/untildify","untildify","5.0.0","MIT","true","false",""
"node_modules/update-browserslist-db","update-browserslist-db","1.2.3","MIT","true","false",""
"node_modules/uri-js","uri-js","4.4.1","BSD-2-Clause","true","false",""
"node_modules/util-deprecate","util-deprecate","1.0.2","MIT","false","false",""
"node_modules/utils-merge","utils-merge","1.0.1","MIT","false","false",""
"node_modules/utrie","utrie","1.0.2","MIT","false","true",""
"node_modules/v8-compile-cache-lib","v8-compile-cache-lib","3.0.1","MIT","false","false",""
"node_modules/v8-to-istanbul","v8-to-istanbul","9.3.0","ISC","true","false",""
"node_modules/validate-npm-package-license","validate-npm-package-license","3.0.4","Apache-2.0","true","false",""
"node_modules/validate-npm-package-name","validate-npm-package-name","5.0.1","ISC","true","false",""
"node_modules/validator","validator","13.15.35","MIT","false","false",""
"node_modules/vary","vary","1.1.2","MIT","false","false",""
"node_modules/version-range","version-range","4.15.0","Artistic-2.0","true","false",""
"node_modules/vinyl","vinyl","3.0.1","MIT","true","false",""
"node_modules/vinyl-file","vinyl-file","5.0.0","MIT","true","false",""
"node_modules/vite","vite","6.2.4","MIT","true","false",""
"node_modules/vite-node","vite-node","3.0.9","MIT","true","false",""
"node_modules/vite-plugin-static-copy","vite-plugin-static-copy","2.3.0","MIT","true","false",""
"node_modules/vite-plugin-static-copy/node_modules/p-map","p-map","7.0.4","MIT","true","false",""
"node_modules/vitest","vitest","3.0.9","MIT","true","false",""
"node_modules/vitest-sonar-reporter","vitest-sonar-reporter","2.0.0","MIT","true","false",""
"node_modules/vscode-languageserver-textdocument","vscode-languageserver-textdocument","1.0.12","MIT","true","false",""
"node_modules/vscode-languageserver-types","vscode-languageserver-types","3.17.5","MIT","true","false",""
"node_modules/vue","vue","3.5.13","MIT","false","false",""
"node_modules/vue-chartjs","vue-chartjs","5.3.3","MIT","false","false",""
"node_modules/vue-component-type-helpers","vue-component-type-helpers","2.2.12","MIT","true","false",""
"node_modules/vue-demi","vue-demi","0.13.11","MIT","false","false",""
"node_modules/vue-eslint-parser","vue-eslint-parser","10.4.0","MIT","true","false",""
"node_modules/vue-functional-data-merge","vue-functional-data-merge","3.1.0","MIT","false","false",""
"node_modules/vue-i18n","vue-i18n","11.4.13","MIT","false","false",""
"node_modules/vue-i18n/node_modules/@vue/devtools-api","@vue/devtools-api","6.6.4","MIT","false","false",""
"node_modules/vue-router","vue-router","4.5.0","MIT","false","false",""
"node_modules/vue-router/node_modules/@vue/devtools-api","@vue/devtools-api","6.6.4","MIT","false","false",""
"node_modules/wait-on","wait-on","8.0.3","MIT","true","false",""
"node_modules/walk-up-path","walk-up-path","3.0.1","ISC","true","false",""
"node_modules/walker","walker","1.0.8","Apache-2.0","true","false",""
"node_modules/watsolution-client","watsolution-client","","No declarada","false","false",""
"node_modules/watsolution-server","watsolution-server","","No declarada","false","false",""
"node_modules/webidl-conversions","webidl-conversions","7.0.0","BSD-2-Clause","true","false",""
"node_modules/whatwg-mimetype","whatwg-mimetype","3.0.0","MIT","true","false",""
"node_modules/whatwg-url","whatwg-url","5.0.0","MIT","false","false",""
"node_modules/whatwg-url/node_modules/webidl-conversions","webidl-conversions","3.0.1","BSD-2-Clause","false","false",""
"node_modules/which","which","2.0.2","ISC","false","false",""
"node_modules/which-boxed-primitive","which-boxed-primitive","1.1.1","MIT","true","false",""
"node_modules/which-builtin-type","which-builtin-type","1.2.1","MIT","true","false",""
"node_modules/which-builtin-type/node_modules/isarray","isarray","2.0.5","MIT","true","false",""
"node_modules/which-collection","which-collection","1.0.2","MIT","true","false",""
"node_modules/which-module","which-module","2.0.1","ISC","false","false",""
"node_modules/which-package-manager","which-package-manager","0.0.1","No declarada","true","false",""
"node_modules/which-package-manager/node_modules/execa","execa","7.2.0","MIT","true","false",""
"node_modules/which-package-manager/node_modules/find-up","find-up","6.3.0","MIT","true","false",""
"node_modules/which-package-manager/node_modules/get-stream","get-stream","6.0.1","MIT","true","false",""
"node_modules/which-package-manager/node_modules/human-signals","human-signals","4.3.1","Apache-2.0","true","false",""
"node_modules/which-package-manager/node_modules/is-stream","is-stream","3.0.0","MIT","true","false",""
"node_modules/which-package-manager/node_modules/locate-path","locate-path","7.2.0","MIT","true","false",""
"node_modules/which-package-manager/node_modules/mimic-fn","mimic-fn","4.0.0","MIT","true","false",""
"node_modules/which-package-manager/node_modules/npm-run-path","npm-run-path","5.3.0","MIT","true","false",""
"node_modules/which-package-manager/node_modules/onetime","onetime","6.0.0","MIT","true","false",""
"node_modules/which-package-manager/node_modules/p-limit","p-limit","4.0.0","MIT","true","false",""
"node_modules/which-package-manager/node_modules/p-locate","p-locate","6.0.0","MIT","true","false",""
"node_modules/which-package-manager/node_modules/path-exists","path-exists","5.0.0","MIT","true","false",""
"node_modules/which-package-manager/node_modules/path-key","path-key","4.0.0","MIT","true","false",""
"node_modules/which-package-manager/node_modules/signal-exit","signal-exit","3.0.7","ISC","true","false",""
"node_modules/which-package-manager/node_modules/strip-final-newline","strip-final-newline","3.0.0","MIT","true","false",""
"node_modules/which-package-manager/node_modules/yocto-queue","yocto-queue","1.2.2","MIT","true","false",""
"node_modules/which-typed-array","which-typed-array","1.1.20","MIT","false","false",""
"node_modules/why-is-node-running","why-is-node-running","2.3.0","MIT","true","false",""
"node_modules/word-wrap","word-wrap","1.2.5","MIT","true","false",""
"node_modules/wrap-ansi","wrap-ansi","6.2.0","MIT","false","false",""
"node_modules/wrap-ansi-cjs","wrap-ansi","7.0.0","MIT","false","false",""
"node_modules/wrappy","wrappy","1.0.2","ISC","false","false",""
"node_modules/write-file-atomic","write-file-atomic","4.0.2","ISC","true","false",""
"node_modules/write-file-atomic/node_modules/signal-exit","signal-exit","3.0.7","ISC","true","false",""
"node_modules/ws","ws","8.21.3","MIT","false","false",""
"node_modules/xml-name-validator","xml-name-validator","4.0.0","Apache-2.0","true","false",""
"node_modules/xml-naming","xml-naming","0.1.0","MIT","false","false",""
"node_modules/xmlhttprequest-ssl","xmlhttprequest-ssl","2.1.2","No declarada","false","false",""
"node_modules/xtend","xtend","4.0.2","MIT","false","false",""
"node_modules/xxhashjs","xxhashjs","0.2.2","MIT","true","false",""
"node_modules/y18n","y18n","5.0.8","ISC","false","false",""
"node_modules/yallist","yallist","3.1.1","ISC","true","false",""
"node_modules/yaml","yaml","2.7.1","ISC","true","false",""
"node_modules/yargs","yargs","17.7.3","MIT","false","false",""
"node_modules/yargs-parser","yargs-parser","21.1.1","ISC","false","false",""
"node_modules/yeoman-environment","yeoman-environment","4.4.3","BSD-2-Clause","true","false",""
"node_modules/yeoman-environment/node_modules/chalk","chalk","5.6.2","MIT","true","false",""
"node_modules/yeoman-environment/node_modules/commander","commander","11.1.0","MIT","true","false",""
"node_modules/yeoman-environment/node_modules/execa","execa","8.0.1","MIT","true","false",""
"node_modules/yeoman-environment/node_modules/get-stream","get-stream","8.0.1","MIT","true","false",""
"node_modules/yeoman-environment/node_modules/human-signals","human-signals","5.0.0","Apache-2.0","true","false",""
"node_modules/yeoman-environment/node_modules/is-stream","is-stream","3.0.0","MIT","true","false",""
"node_modules/yeoman-environment/node_modules/locate-path","locate-path","7.2.0","MIT","true","false",""
"node_modules/yeoman-environment/node_modules/mimic-fn","mimic-fn","4.0.0","MIT","true","false",""
"node_modules/yeoman-environment/node_modules/npm-run-path","npm-run-path","5.3.0","MIT","true","false",""
"node_modules/yeoman-environment/node_modules/onetime","onetime","6.0.0","MIT","true","false",""
"node_modules/yeoman-environment/node_modules/p-limit","p-limit","4.0.0","MIT","true","false",""
"node_modules/yeoman-environment/node_modules/p-locate","p-locate","6.0.0","MIT","true","false",""
"node_modules/yeoman-environment/node_modules/path-key","path-key","4.0.0","MIT","true","false",""
"node_modules/yeoman-environment/node_modules/strip-final-newline","strip-final-newline","3.0.0","MIT","true","false",""
"node_modules/yeoman-environment/node_modules/yocto-queue","yocto-queue","1.2.2","MIT","true","false",""
"node_modules/yeoman-generator","yeoman-generator","7.5.1","BSD-2-Clause","true","false",""
"node_modules/yeoman-generator/node_modules/chalk","chalk","5.6.2","MIT","true","false",""
"node_modules/yeoman-generator/node_modules/execa","execa","8.0.1","MIT","true","false",""
"node_modules/yeoman-generator/node_modules/get-stream","get-stream","8.0.1","MIT","true","false",""
"node_modules/yeoman-generator/node_modules/human-signals","human-signals","5.0.0","Apache-2.0","true","false",""
"node_modules/yeoman-generator/node_modules/is-stream","is-stream","3.0.0","MIT","true","false",""
"node_modules/yeoman-generator/node_modules/mimic-fn","mimic-fn","4.0.0","MIT","true","false",""
"node_modules/yeoman-generator/node_modules/npm-run-path","npm-run-path","5.3.0","MIT","true","false",""
"node_modules/yeoman-generator/node_modules/onetime","onetime","6.0.0","MIT","true","false",""
"node_modules/yeoman-generator/node_modules/path-key","path-key","4.0.0","MIT","true","false",""
"node_modules/yeoman-generator/node_modules/strip-final-newline","strip-final-newline","3.0.0","MIT","true","false",""
"node_modules/yn","yn","3.1.1","MIT","false","false",""
"node_modules/yocto-queue","yocto-queue","0.1.0","MIT","true","false",""
"node_modules/yoctocolors","yoctocolors","2.1.2","MIT","true","false",""
"node_modules/yoctocolors-cjs","yoctocolors-cjs","2.1.3","MIT","true","false",""
"server","watsolution-server","0.0.1","MIT","false","false",""
"server/node_modules/@isaacs/cliui","@isaacs/cliui","8.0.2","ISC","true","false",""
"server/node_modules/abbrev","abbrev","4.0.0","ISC","false","true",""
"server/node_modules/ansi-regex","ansi-regex","6.2.2","MIT","true","false",""
"server/node_modules/ansi-styles","ansi-styles","6.2.3","MIT","true","false",""
"server/node_modules/brace-expansion","brace-expansion","2.1.7","MIT","true","false",""
"server/node_modules/chownr","chownr","3.0.0","BlueOak-1.0.0","false","false",""
"server/node_modules/emoji-regex","emoji-regex","9.2.2","MIT","true","false",""
"server/node_modules/eslint-plugin-prettier","eslint-plugin-prettier","5.2.6","MIT","true","false",""
"server/node_modules/glob","glob","10.5.0","ISC","true","false","Old versions of glob are not supported, and contain widely publicized security vulnerabilities, which have been fixed in the current version. Please update. Support for old versions may be purchased (at exorbitant rates) by contacting i@izs.me"
"server/node_modules/isexe","isexe","4.0.0","BlueOak-1.0.0","false","true",""
"server/node_modules/jackspeak","jackspeak","3.4.3","BlueOak-1.0.0","true","false",""
"server/node_modules/lru-cache","lru-cache","10.4.3","ISC","true","false",""
"server/node_modules/minimatch","minimatch","9.0.9","ISC","true","false",""
"server/node_modules/minizlib","minizlib","3.1.0","MIT","false","false",""
"server/node_modules/node-gyp","node-gyp","12.4.0","MIT","false","true",""
"server/node_modules/nopt","nopt","9.0.0","ISC","false","true",""
"server/node_modules/path-scurry","path-scurry","1.11.1","BlueOak-1.0.0","true","false",""
"server/node_modules/proc-log","proc-log","6.1.0","ISC","false","true",""
"server/node_modules/rimraf","rimraf","5.0.10","ISC","true","false",""
"server/node_modules/sqlite3","sqlite3","6.0.1","BSD-3-Clause","false","false",""
"server/node_modules/string-width","string-width","5.1.2","MIT","true","false",""
"server/node_modules/strip-ansi","strip-ansi","7.2.0","MIT","true","false",""
"server/node_modules/synckit","synckit","0.11.12","MIT","true","false",""
"server/node_modules/tar","tar","7.5.22","BlueOak-1.0.0","false","false",""
"server/node_modules/typescript","typescript","5.8.2","Apache-2.0","true","false",""
"server/node_modules/which","which","6.0.1","ISC","false","true",""
"server/node_modules/wrap-ansi","wrap-ansi","8.1.0","MIT","true","false",""
"server/node_modules/yallist","yallist","5.0.0","BlueOak-1.0.0","false","false",""